name,1984_453,1984_452,1984_510,1984_68,1984_506,1984_507,1984_505,1984_514,1984_509,1984_508,1984_25,1984_290,1984_11,1984_39,1984_177,1984_363,1984_183,1984_489,1984_495,1984_435,1984_427,1984_67,1984_365,1984_362,1984_504,1984_481,1984_480,1984_162,1984_318,1984_498,1984_284,1984_285,1984_280,2016_453,2016_452,2016_510,2016_68,2016_506,2016_507,2016_505,2016_514,2016_509,2016_508,2016_25,2016_290,2016_11,2016_39,2016_177,2016_363,2016_183,2016_489,2016_495,2016_435,2016_427,2016_67,2016_365,2016_362,2016_504,2016_481,2016_480,2016_162,2016_318,2016_498,2016_284,2016_285,2016_280
Abies alba,0,0,0,0,0,0,0,0,0,0,0,0,0,0.5,0,0,0,0,0,0,0,0,0,0,0,0,0,0,0,0,3,0,0,0,0,0,0,0,0,0,0,0,0,0,0,0,0,0,0,0,0.5,0,0,0,0,0,0,0,0,0,0.5,0,0,0,0,0
Acer pseudoplatanus,0,0,0,0,0,0,0,0,0,0,0,0,0,0,0,0,0,0,0,0,0,0,0,0,0,0,0,0,0,0,0,0,0,0,0,0,0,0,0,0,0,0,0,0,0,0,0,0,0.5,0,0,0,0,0,0,0.5,3,0,0,0,0,0,0,0,0,0
Arnica montana,0.5,0,0,0,0,0,0,0,0,0,0,0,0,0,0,0,0,0,3,0,0,0,0,0,0,0,0.5,0.5,0,0,0,0,0,0,0,0,0,0,0,0,0,0,0,0,0,0,0,0,0,0,0,0,0,0,0,0,0,0,0,0,0,0,0,0,0,0
Atrichum undulatum,0,0,0,0,0,0,0,0,0,0,0,0,0,0,0,0,0,0,0,0,0,0,0,0,0,0,0,0,0,0,0,0,0,0,0,0,0.5,0,0,0,0,0,0,0,0,0,0,0,0,0,0,0,0,0,0,0,0,0,0,0,0,0,0,0,0,0
Barbilophozia barbata,0,0,0,0,3,0,0,3,0,0,0,0,0,0,0,0,0,0,0,0,0,0,0,0,0,0.5,3,0,0,0.5,3,3,0,0,0,0,0,0,0,0,0,0,0,0,0,0,0,0,0,0,0,0,0,0,0,0,0,0,0,0,0,0,0,0,0,0
Bazzania trilobata,0,0,3,0,3,3,0,0,0,0,0,0,0,3,0,0,0,0,0,0,0,0,0,0,0,0,0,0,0,0,0,0,0,0,0,0.5,0,15,3,0,0,0,0,0,0,0,0,0,0,0,3,0,0,3,0,0,0,0,0,0,3,0,0.5,0,0,0
Betula pendula,3,3,0,0.5,0,0.5,0.5,0,0,0,3,0.5,3,3,3,0,0,0,0,0,0,0,0,0.5,0,0.5,0.5,0,0,0,0,0,0,0,0.5,0,0.5,0,0,3,0,3,3,0,0,0,0,0,0,0.5,0,0.5,0,0.5,0.5,3,3,15,0.5,0,0,0,0,0.5,0,0
Brachythecium rutabulum,0,0,0,0,0,0,0,0,0,0,0,0,0,0,0,0,0,0,0,0,0,0,0,0,0,0,0,0,0,0,0,0,0,0,0.1,0,0.5,0,0,0,0,0,0,0.1,0,0,0.1,0,0,0,0.5,0.1,0,0,0,0,0.5,0.5,0,0,0.5,0.5,0,0,0,0.5
Calamagrostis epigejos,0,0,0,0,0,0,0,0,0,0,0,0,0,0,0,0,0,0,0,0,0,0,0,0,0,0,0,0,0,0,0,0,0,15,0,0,3,15,15,0,0,0,0,0,0,0,0,0,0,0,0,0,0,0,0,0,0,0,0,0,0,0,0,0,0,0
Calamagrostis villosa,0,0,0,0,0,15,0,0,0,0,0,0,0,0,0,0,0,0,0,0,0,0,0,0,0,0,0,0,0,0,0,0,0,0,0,0,0,0,0,0,0,0,0,0,0,0,0,0,0,0,0,0,0,0,0,0,0,0,0,0,0,0,0,0,0,0
Calluna vulgaris,0.5,0.5,3,0,3,0.5,0.5,15,3,3,3,3,15,15,3,15,0.5,0,3,0,3,0,15,37.5,3,3,3,3,3,3,3,3,0.5,0,0,0.5,0.5,0,0.5,0.5,3,0.5,0.5,0,0,3,3,0,0.5,0.5,0,0.5,0.5,0,0.5,15,0.5,0.5,0,3,0.5,0.5,0.5,0.5,3,0.5
Campylopus flexuosus,0,0,0,0,0,0,0,0,0,0,0,0,0,0,0,0,0,0,0,0,0,0,0,0,0,0,0,0,0,0,0,0,0,0,0,0,0,0,0,0,0,0,0,0,0,0,0,0,0,0.5,0,0,0,0,0,0,0,0,0,0,0,0,0,0,0,0
Campylopus introflexus,0,0,0,0,0,0,0,0,0,0,0,0,0,0,0,0,0,0,0,0,0,0,0,0,0,0,0,0,0,0,0,0,0,0,0,0,0,0,0,0,0,0,0,0,0,0,0,0,0,0,0,0,0,0,0,0,0,0.5,0,0,0,0,0,0,0,0
Carex pilulifera,0,0,0,0,0,0,0,0,0,0,0,0,0,0,0,0,0,0,0,0,0,0,0,0,0,0,0,0,0,0,0,0,0,0,0,0,0,0,0,0,0,0,0,0,0,0,0,0.5,0,0,0,0,0,0,0,0,0,0,0,0,0,0,0,0,0,0
Carpinus betulus,0,0,0,0,0,0,0,0,0,0,0,0,0,0,0,0,0,0,0,0,0,0,0,0,0,0,0,0,0,0,0,0,0,0,0,0,0,0,0,0,0,0,0,0,0,0,0,0,0,0,0,0,0,0,0,0,0.1,0,0,0,0,0,0,0,0,0
Cetraria islandica,0,0,0,0,0,0,0,15,3,3,15,0,0,0,0,0,0,0,0,0,0,0,0,0,0,0,0,0,0,3,0,0,0,0,0,0,0,0,0,0,0,0.5,0,0,0,0,0,0,0,0,0,0,0,0,0,0,0,0,0,0,0,0,0,0,0,0
Cladonia arbuscula,0,0,0,0,0.5,0,0,15,15,15,15,15,15,0,0,0,0.5,0,0,0,0,0,0,0,0.5,0,0,0,3,3,0,0,0,0,0,0,0,0,0,0,3,3,3,0,0,0,0,0,0,0,0,0,0,0,0,0,0,0,0,0,0,0,0.5,0,0,0
Cladonia ciliata,0,0,0,0,0,0,0,0,0,0,0,0,0,0,0,0,0,0,0,0,0,0,0,0,0,0,0,0,0,0,0,0,0,0,0,0,0,0,0,0,0,0.5,0,0,0,0,0,0,0,0,0,0,0,0,0,0,0,0,0,0,0,0,0,0,0,0
Cladonia coniocraea,0,0,0,0,0,0,0,3,0.5,0,3,0,0.5,0,0.5,0,0,0,0,0,0,0,0,0,0,0,0,0,0,0.5,0,0,0,0,0,0,0,0,0,0,0,0,0,0,0,0,0,0,0,0,0,0,0,0,0,0,0,0,0,0,0,0,0,0,0,0
Cladonia furcata,0,0,0,0,0,0,0,0,0.5,0.5,3,15,3,0,0,0.5,0,0,0,0,0,0,0,0,0,0,0,0,0,0,0,0,0,0,0,0,0,0,0,0,0.5,0,0,0,0,3,0,0.5,0,0,0,0,0,0,0,0,0,0,0,0,0,0,0,0,0,0
Cladonia gracilis,0,0,0,0,0,0,0,0,0.5,0,0,0,0,0,0,0,0,0,0,0,0,0,0,0,0,0,0,0,0,0,0,0,0,0,0,0,0,0,0,0,0.5,0,0,0,0,0,0,0,0,0,0,0,0,0,0,0,0,0,0,0,0,0,0.5,0,0,0
Cladonia macilenta,0,0,0,0,0,0,0,0,0,0,0,0,0,0,0.5,0,0,0,0,0,0,0,0,0,0,0,0,0,0,0,0,0,0,0,0,0,0,0,0,0,0,0,0,0,0,0,0,0,0,0,0,0,0,0,0,0,0,0,0,0,0,0,0,0,0,0
Cladonia pyxidata,0,0,0,0,0,0,0,0,0,0,0,0,0,0,0,0,0,0,0,0,0,0,0,0,0,0,0,0,0,0,0,0,0,0,0,0,0,0,0,0,0.5,0.5,0.1,0,0,0,0,0,0,0,0,0,0,0,0,0,0,0,0,0,0,0,0,0,0,0
Cladonia pyxidata s. chlorophaea,0,0,0,0,0,0,0,0,0.5,0.5,0.5,0,0.5,0,0,0,0,0,0,0,0,0,0,0,0,0,0,0,0,0,0,0,0,0,0,0,0,0,0,0,0,0,0,0,0,0,0,0,0,0,0,0,0,0,0,0,0,0,0,0,0,0,0,0,0,0
Cladonia rangiferina,0,0,0,0,0,0,0,15,3,3,15,15,3,3,3,0,0,0,0,0,0,0,0,0,0,0,0,0,3,3,0,0,0,0,0,0,0,0,0,0,3,0.5,3,0,0,0,0,0,0,0,0,0,0,0,0,0,0,0,0,0,0,0,0,0,0,0
Cladonia squamosa,0,0,0,0,0,0,0,3,0,0.5,0,0,0,0,0.5,0,0,0,0,0,0,0,0,0,0,0,0,0,0,0.5,0,0,0,0,0,0,0,0,0,0,0,0,0,0,0,0,0,0,0,0,0,0,0,0,0,0,0,0,0,0,0,0,0.5,0,0,0
Cladonia sulphurina,0,0,0,0,0,0,0,0,0,0,0,0,0,0,0,0,0,0,0,0,0,0,0,0,0,0,0,0,0,0,0,0,0,0,0,0,0,0,0,0,0,0.1,0,0,0,0,0,0,0,0,0,0,0,0,0,0,0,0,0,0,0,0,0,0,0,0
Cladonia uncialis,0,0,0,0,0,0,0,3,0.5,0,0,0,0,0,0.5,0,0,0,0,0,0,0,0,0,0,0,0,0,0,0,0,0,0,0,0,0,0,0,0,0,0,0.5,0,0,0,0,0,0,0,0,0,0,0,0,0,0,0,0,0,0,0,0,0,0,0,0
Deschampsia flexuosa,3,15,3,15,0,0,0.5,0.5,0.5,0.5,3,3,15,15,0.5,3,15,15,62.5,62.5,15,3,37.5,15,0.5,0,0.5,15,3,15,3,3,0.5,37.5,37.5,0.5,37.5,0.5,0.5,3,15,0,0,3,15,15,37.5,3,37.5,37.5,0.5,37.5,15,0.5,3,62.5,37.5,0.5,0,0,37.5,0.5,37.5,15,15,15
Dicranella heteromalla,0,0,0,0,0,0,0,0,3,0.5,0,0,0,3,0,0,0,0,0,0,0,0,0,0,0,0,0,0,0,0,0,0,0,0,0.5,0,0,0,0,0,0,0.5,0,0,0,0,0,0,0,0,0,0,0,0,0,0,0,0.5,0,0,0,0,0,0,0,0
Dicranum polysetum,0.5,0,3,3,15,15,3,3,15,15,3,15,15,3,15,15,0,0,0,0,15,37.5,15,3,15,3,15,3,15,15,3,3,0,0,0,0,0,3,0.5,15,15,37.5,37.5,0,0.5,15,3,0,0,0.5,0.5,3,0.5,3,0.5,0,0.5,3,0,0,0.5,0.5,15,0.5,0.5,0.5
Dicranum scoparium,0,0,3,0,0,0,0,0,0,3,0,0,3,0,3,15,0.5,15,3,0,15,0,3,3,0.5,3,3,0,0,3,0,0,0,0,0,3,0,0,0,0,0,0,0.5,0,0.5,0,0,3,0.5,0.5,15,0.5,3,15,0,0,0,0.5,0,0,0.5,0.5,0.5,0.5,0,0
Dicranum spurium,0,0,0,0,0,0,0,0,0,0,0,0,0,0,0.5,3,0,0,0,0,0,0,0,0,0,0,0,0,0,0,0,0,0,0,0,0,0,0,0,0,0.5,0,0,0,0,0,0,0,0,0,0,0,0,0,0,0,0,0,0,0,0,0,0,0,0,0
Dryopteris carthusiana,0,0,0,0,0,0,0.5,0,0,0,0,0,0,0,0,0,0,0,0,0,0,0,0,0,0,0,0,0,0,0,0,0,0,0,0.5,0,0.5,0,0,0.5,0,0,0,0,0,0,0,0,0,0,0,0,0,0,0,0.5,0,0.5,0,0,0,0,0,3,0,0
Dryopteris dilatata,0,0,0,0,0,0,0,0,0,0,0,0,0,0,0,0,0,0,0,0,0,0,0,0,0,0,0,0,0,0,0,0,0,0,0.5,0,0.5,0,0,0,0,0,0,0,0,0,0,0,0,0,0,0,0,0,0,0,0,0,0,0,0,0,0,0,0,0
Epilobium angustifolium,0,0,0,0,0,0,3,0,0,0,0,0,0,0,0,0,0,0.5,0.5,0,0,0,0,0,0,0,0,0,0,0,0,0,0,0,0,0,0,0,0,0,0,0,0,0,0,0,3,0.5,0,0,0,0,0,0,0,0.5,0,0.5,0,0,0,0,0,0,0,0
Erica carnea,0,0,0,0,0,0,0,0,0,0,0,0,0,0,0,0,0,0,0,0,0,0,0,0,0,0,0,0,15,0.5,37.5,37.5,37.5,0,0,0,0,0,0,0,0,0,0,0,0,0,0,0,0,0,0,0,0,0,0,0,0,0,0,0,0,3,0.5,15,3,0
Eurhynchium striatum,0,0,0,0,0,0,0,0,0,0,0,0,0,0,0,0,0,0,0,0,0,0,0,0,0,0,0,0,0,0,0,0,0,0,0,0,0,0,0,0,0,0,0,0,0,0,0,0.1,0,0,0,0,0,0,0,0,0,0,0,0,0,0,0,0,0,0
Fagus sylvatica,0,0,0,0,0,0,0,0,0,0,0,0,0,0,0,0,0,0,0,0,0,0,0,0,0,0,0,0.5,0.5,0,0,0,0.5,0,0,0,0,0,0,0,0,0,0,3,0.5,0,0,0.1,0,0,3,0,0,0,0,0,0,0,0,0,3,0.5,0,0.5,3,3
Frangula alnus,15,15,0.5,15,0,0,0,0,0,0,0,0,0,0,0,0,0,0,0,0,0,0,0,0,0,0,0,0.5,0,0,0,0,0,15,15,0.5,15,0,0,0,0.5,0,0,0,0,0,3,0,0.5,3,0,0,0,0,0,0,3,0,0,0,0,0,0,0,0,0
Galeopsis tetrahit,0,0,0,0,0,0,0,0,0,0,0,0,0,0,0,0,0,0,0,0,0,0,0,0,0,0,0,0,0,0,0,0,0,0,0,0,0,0,0,0,0,0,0,0,0,0,0,0,0,0.1,0,0,0,0,0,0,0,0,0,0,0,0,0,0,0,0
Genista tinctoria,0,0,0,0,0,0,0,0,0,0,0,0,0,0,0,0,0,0,3,0,0,0,0,0,0,0,0,0,0,0,0.5,0,0,0,0,0,0,0,0,0,0,0,0,0,0,0,0,0,0,0,0,0,0,0,0,0,0,0,0,0,0,0,0,0,0,0
Hylocomium splendens,0.5,3,0,15,0,0,0,0,0,0,0,0,0,15,0,0,0,0,0,0,0,0,0,0,0,0,15,15,0,0,3,3,0,62.5,3,0,62.5,0,3,0,0,0,0,3,3,0.5,0,3,0,0,0,15,3,0,3,0.5,0,0,15,3,15,3,0,3,15,0.5
Hypnum cupressiforme,0,0,0,0,0,0,0,0,0,0,3,0,3,0,0,37.5,3,0,0,3,0,3,15,37.5,0,0,3,15,15,0,3,3,3,0.5,3,15,3,3,15,0.5,37.5,3,3,3,37.5,62.5,62.5,37.5,15,3,3,15,15,3,37.5,37.5,37.5,3,62.5,62.5,37.5,37.5,37.5,62.5,62.5,37.5
Juniperus communis,0,0,0,0,0,0,0,0,0,0,0,0,0,0,0,0,0,0,0,0,0,0,0,0,0,0,0,0,0,0,0.5,0,0,0,0,0,0,0,0,0,0,0,0,0,0,0,0,0,0,0,0,0,0,0,0,0,0,0,0,0,0,0,0,0,0,0
Larix decidua,0,0,0,0,0,0,0,0,0,0,0,0,0,0,0,0,0,0,0,0,0,0,0,0,0,0,0,0,0,0,0,0,0,0,0,0,0,0,0,3,0,0,0,0,0,0,0,0,0,0,0,0,0,0,0,0,0,3,0,0,0,0.5,0,0.5,0,0.5
Lepidozia reptans,0,0,0.5,0,0,0,0,0,0,0,0,0,0,0,0,0,0,0,0,0,0,0,0,0,0,0,0,0,0,0,0,0,0,0,0,0,0,0,0,0,0,0,0,0,0,0,0,0,0,0,0,0,0,0,0,0,0,0,0,0,0,0,0,0,0,0
Leucobryum glaucum,0,0,3,3,15,3,3,0.5,3,0,0,0,0,0,0,0,0,0,0,0,15,0,0,0,0,0,0,0,0,3,0,15,0,0,0,0.5,0,0.5,0.5,0.5,0,0.5,0.5,0,0,0.5,0,0,0,0,0,0,0,15,0,0,0,0,0,0,0,0,0.5,0,0,0
Lophocolea bidentata,0,0,0,0,0,0,0,0,0,0,0,0,0,0,0,0,0,0,0,0,0,0,0,0,0,0,0,0,0,0,0,0,0,0,0.5,0,0,0,0.5,0,0,0,0,0,0,0,0,0,0,0,0,0.5,0,0,0,0,0,0,0,0,0,0,0.5,0,0,0
Luzula campestris,0,0,0,0,0,0,0,0,0,0,0,0,0,0,0,0,0,0,0,0,0,0,0,0,0,0,0,0,0,0,0,0,0,0,0,0,0,0,0,0,0,0,0,0,0,0,0,0,0.5,0,0,0,0,0,0,0,0,0,0,0,0,0,0,0,0,0
Luzula luzuloides,0,0,0,0,0,0,0,0,0,0,0.5,3,0,0,0,0,0,0,0,0,0,0,0,0,0,0,0,0.5,0,0,0,0,0,0,0,0,0,0,0,0,0,0,0,0,0,0,0,0,0,0,0,0,0,0,0,0,0,0,0,0,0,0,0,0,0,0
Luzula pilosa,0,0,0,0,0,0,0,0,0,0,0,0,0,0,0.5,0,0,0,0,0,0,0,0,0,0,0,0,0,0,0,0,0,0,0,0,0,0,0,0,0,0,0,0,0,0,0,0,0,0,0,0,0,0,0,0,0,0,0,0,0,0,0,0,0,0,0
Maianthemum bifolium,0,0,0,0,0,0,0,0,0,0,0,0,0,0,0,0,0,0,0,0,0,0,0,0,0,0,0,0,0,0,0,0,0,0,0,0,0,0,0,0,0,0,0,0,0,0,0,0,0,0,0,0,0,0,0,0,0,0,0,0,0.5,0,0,0,0,0
Melampyrum pratense,0.5,0.5,0,0,0,0,0,0,0,0,0,0,0,0,0,0,0,0,0,0,0,0,0,0,0,3,15,15,0,0,0,0,0,0,0,0,0,0,0,0,0,0,0,0,0,0,0,0,0,0,0,0,0,0,0,0,0,0,0,0.5,0,0,0,0,0,0
Milium effusum,0,0,0,0,0,0,0,0,0,0,0,0,0,0,0,0,0,0,0,0,0,0,0,0,0,0,0,0,0,0,0,0,0,0,0,0,0,0,0,0,0,0,0,0,0,0,0,0,0.1,0,0,0,0,0,0,0.1,0,0,0,0,0,0,0,0,0,0
Mnium hornum,0,0,0,0,0,0,0,0,0,0,0,0,0,0,0,0,0,0,0,0,0,0,0,0,0,0,0,0,0,0,0,0,0,0,3,3,0,0,0,0,0,0,0,0,0,0,0,0,0,0,0,0,0.5,0.5,0,0,0,0.5,0,0,0,0,0.5,0,0,0
Moehringia trinervia,0,0,0,0,0,0,0,0,0,0,0,0,0,0,0,0,0,0,0,0,0,0,0,0,0,0,0,0,0,0,0,0,0,0,0,0,0,0,0,0,0,0,0,0,0,0,0,0,0,0.1,0,0,0,0,0,0,0,0,0,0,0,0,0,0,0,0
Molinia caerulea,15,15,62.5,3,15,15,0.5,0,0,0,0,0,0,0,0,0,0,0,0,0,0,0,0,0,0,0,0,0,0,0,0,0,0,3,3,15,3,0,0,0,0,0,0,0,0,0,0,0,0,0,0,0,0,0,0,0,0,0,0,0,0,0,0,0,0,0
Mylia taylorii,0,0,0,0,0,0,0,0,0,0,0,0,0,0,0,0,0,0,0,0,0,0,0,0,0,0,0,0,0,0,0,0,0,0,0,0,0,0,0,0,0,0,0,0,0,0,0,0,0,0,0.1,0,0,0,0,0,0,0,0,0,0,0,0,0,0,0
Oxalis acetosella,0,0,0,0,0,0,0,0,0,0,0,0,0,0,0,0,0,0,0,0,0,0,0,0,0,0,0,0,0,0,0,0,0,0,0,0,0,0,0,0,0,0,0,0,0,0,0.5,0,0,0,0,0,0,0,0,0,0,0.5,0,0,0,0,0,0,0,0
Picea abies,3,3,3,0,0,3,0.5,0,0.5,0,0,0,0,3,3,0,0,3,3,3,3,0,0,0,0.5,3,15,3,0.5,3,3,0.5,0,0.5,3,3,3,3,3,3,0,3,3,3,0.5,3,3,3,0,0,3,3,3,15,0,0,0,3,3,3,3,3,3,3,0,3
Pinus strobus,0,0,0,0,0,0,0,0,0,0,0,0,0,0,0,0,0,0,0,0,0,0,0,0,0,0,0,0,0,0,0,0,0,0,0,0,0,3,3,0,0,0,0.5,0,0,0,0,0,0,0,0,0,0,0,0,0,0,0.5,0,0,0,0,0,0,0,0.5
Pinus sylvestris,0.5,0,0.5,0,0.5,0.5,0,3,15,15,3,15,15,3,0,3,0,0.5,0.5,0,0,0,15,3,0.5,0,0,0,0,0,15,3,0.5,0,0,0,0,0,0,3,3,3,3,0,3,3,0.5,0,0.5,0,0.5,15,0,0.5,0.5,0.5,3,15,0,0.5,0,0,0,3,0.5,0.5
Plagiomnium affine,0,0,0,0,0,0,0,0,0,0,0,0,0,0,0,0,0,0,0,0,0,0,0,0,0,0,0,0,0,0,0,0,0,0,0,0,0,0,0,0,0,0,0,0,0,0,0,0,0,0,0,0.1,0,0,0,0,0,0,0,0,0,0,0,0,0,0
Plagiothecium laetum,0,0,0,0,0,0,0,0,0,0,0,0,0,0,0,0,0,0,0,0,0,0,0,0,0,0,0,0,0,0,0,0,0,0,0,0,0,0,0,0,0,0,0,0,0,0,0,0.1,0,0,0,0,0,0,0,0,0,0,0,0,0,0,0,0,0,0
Plagiothecium laetum v. curvifolium,0,0.5,0,0,0,0,0,0,0,0,0,0,0,0,0,0,0,0,0,0,0,0,0,0,0,0,0,0,0,0,0,0,0,0,0,0,0,0,0,0,0,0,0,0,0,0,0,0,0,0,3,0,0,0.5,0.5,0,0,0,0,0,0,0,0,0,0,0
Pleurozium schreberi,15,15,15,37.5,15,15,3,15,0,0,3,0,15,15,37.5,15,0.5,15,15,15,3,3,15,15,15,15,37.5,37.5,37.5,15,37.5,37.5,37.5,15,15,3,15,15,15,62.5,37.5,15,37.5,37.5,37.5,15,15,37.5,37.5,37.5,37.5,37.5,15,37.5,37.5,15,37.5,15,15,15,37.5,15,37.5,15,15,37.5
Pohlia nutans,0.5,3,0.5,0,0,0,3,15,0,3,3,15,15,3,3,3,0.5,3,3,3,0,3,3,3,3,0,3,0,0,3,0,3,3,0,0,0,0,0,0,0,0,0,0,0,0,0,0,0,0,0,0,0,0,0,0,0,0,0,0,0,0,0,0,0,0,0
Polygala chamaebuxus,0,0,0,0,0,0,0,0,0,0,0,0,0,0,0,0,0,0,3,0,0,0,0,0,0,0,0,0,0,0,0,0,0,0,0,0,0,0,0,0,0,0,0,0,0,0,0,0,0,0,0,0.5,0,0,0,0,0,0,0,0,0,0,0,0,0,0
Polytrichum commune,0,0,0,0,0,0,0,0,0,0,0,0,0,0,0,0,0,0,0,0,0,0,0,0,0,0,0,0,0,0,0,0,0,0,0,0.5,0,0,0,0,0,0,0,0,0,0,0,0,0,0,0,0,0,0,0,0,0,0,0,0,0,0,0,0,0,0
Polytrichum formosum,0,0,0,0,0,0,0.5,0,0,0,0,0,0,0,0,0,0.5,0.5,0,0,0,0,0,0,0.5,0,3,0,0,0.5,0,0,0,0,0.5,0.5,0,0.5,0,0.5,0,0,0,0,0,0,0,0.5,0,0,0.5,0.5,0.5,0.5,0,3,0,0.5,0.5,0.5,0.5,0,0.5,0.1,0,0
Populus tremula,0,0.5,0,3,0,0,0,0,0,0,0,0,0,0,0,0,0,0,0,0,0,0,0,0,0,0,0,0,0,0,0,0,0,0,0,0,0,0,0,0,0,0,0,0,0,0,0,0,0,0,0,0,0,0,0,0.5,0,0,0,0,0,0,0,0,0,0
Potentilla erecta,0.5,0.5,0,0,0,0,0,0,0,0,0,0,0,0,0,0,0,0,0,0,0,0,0,0,0,0,0,0.5,0,0,0,0,0,0.1,0.1,0,0,0,0,0,0,0,0,0,0,0,0,0,0,0,0,0,0,0,0,0,0,0,0,0,0,0,0,0,0,0
Pseudotsuga menziesii,0,0,0,0,0,0,0,0,0,0,0,0,0,0,0,0,0,0,0,0,0,0,0,0,0,0,0,0,0,0,0,0,0,0,0,0,0,0,0,0.5,0,0,0,0,0,0,0,0,0,0,0,0,0,0,0,0,0,0,0,0,0,0.1,0,0,0,0
Ptilidium ciliare,15,3,0,0,3,3,3,3,0.5,3,0.5,0,0,15,0,0,0,0,3,0,0,0,0,0,3,3,3,15,3,0.5,3,15,15,0,0,0,0,0,0,0,0.5,0,0,0,0,0,0,0.5,0,0,0,0,0,0,0,0,0,0,0,0,0,0,0.5,0,0,0
Ptilium crista-castrensis,0,0,0,0,0,0,0,0,0,0,0,0,0,0,0,0,0,0,0,0,0,0,0,0,0,0,0,0,0,0,0,0,0,0,0,0,0,0,0,0,0,0,0,0,0,0,0,0,0,0,0.5,0,0,0,0,0,0,0,0,0,0,0,0,0,0,0
Pyrola chlorantha,0,0,0,0,0,0,0,0,0,0,0,0,0,0,0,0,0,0,0,0,0,0,0,0,0,0,0,0,0,0,0.5,0,0,0,0,0,0,0,0,0,0,0,0,0,0,0,0,0,0,0,0,0,0,0,0,0,0,0,0,0,0,0,0,0,0,0
Quercus petraea,0,0,0,0,0,0,0,0,0,0,0,0,0,0,0,0.5,0,0,0,0,0,0,0.5,0,0,0,0,0,0,0,0,0,0,0,0,0,0,0,0,0,0,0,0,0,0,0,0,0,0,0,0,0,0,0,0,0,0,0,0,0,0,0,0,0,0,0
Quercus robur,0.5,3,0,3,0,0.5,0.5,0,0,0,3,0.5,3,3,0.5,3,3,0,0,0.5,0,0,15,15,0,0.5,0.5,3,0,0,0,0,0,3,3,0,3,0,0,0,0.5,0,0,0,0,0.5,3,0,15,37.5,0,0.5,0,0.5,0,15,3,0,0.5,0,0.5,0,0,0,0,0
Rhytidiadelphus squarrosus,0,0,0,0,0,0,0,0,0,0,0,0,0,0,0,0,0,0,0,0,0,0,0,0,0,0,0,0,0,0,0,0,0,3,37.5,0,15,0,0,0.5,0,0,0,0,0,0,3,0,0,0,0,3,0,0,0,0,0,0,0,0,0,0,0,0,0,0
Rubus fruticosus ag.,0,0,0,0,0,0,0,0,0,0,0,0,0,0,0,0,0,0,0,0,0,0,0,0,0,0,0,0,0,0,0,0,0,0,0,0,0,0,0,0,0,0,0,0,0,0,0,0,0.5,0,0,0,0,0,0,3,15,0,0,0,0,0,0,0,0,0
Rubus idaeus,0,0,0,0,0,0,0,0,0,0,0,0,0,0,0,0,0,0,0,0,0,0,0,0,0,0,0,0,0,0,0,0,0,0,0.5,0,0.5,0,0,0,0,0,0,0,0,0,0,0,0.5,0.5,0,0.5,0,0,0,0.5,0,0.5,0,0,0,0,0,0,0,0
Salix aurita,3,0,0.5,3,0,0,0,0,0,0,0,0,0,0,0,0,0,0,0,0,0,0,0,0,0,0,0,0,0,0,0,0,0,0.5,0,0,0,0,0,0,0,0,0,0,0,0,0,0,0,0,0,0,0,0,0,0,0,0,0,0,0,0,0,0,0,0
Sambucus racemosa,0,0,0,0,0,0,0,0,0,0,0,0,0,0,0,0,0,0,0.5,0,0,0,0,0,0,0,0,0,0,0,0,0,0,0,0,0,0,0,0,0,0,0,0,0,0,0,0,0,0,0,0,0,0,0,0,0,0,0,0,0,0,0,0,0,0,0
Scleropodium purum,0,0,0,0,0,0,0,0,0,0,0,0,0,0,0,0,0,0,0,0,0,0,0,0,0,0,0,0,0,0,0,0,0,3,0,0,3,0,0,0,0,0,0,15,0,0,0,0,0,15,0,0,0,0,0.5,15,3,0,0,0,0,0,0,0,0,0
Sorbus aucuparia,0,0.5,0,3,0,0,0,0,0,0,0,0,0,0,0,0,0,0,0.5,0,0,0,0,0.5,0,0,0,0,0,0,0,0,0,3,3,0,3,0.1,0,0,0,0,0,0.5,0,0,0.5,0,3,3,3,0.5,0,0,0,0.5,3,0.5,0,0,0.5,0,0,0.5,0,0
Sphagnum capillifolium,15,0,0.5,0,15,15,0,0,0,0,0,0,0,0,0,0,0,0,0,0,0,0,0,0,0,0,0,0,0,0,0,0,0,0.5,15,15,3,15,15,0,0,0,0,0,0,0,0,0,0,0,0,0,0,0.5,0,0,0,0,0,0,0,0,0,0,0,0
Sphagnum girgensohnii,15,37.5,15,3,0,0,0,0,0,0,0,0,0,0,0,0,0,0,0,0,0,0,0,0,0,0,0,0,0,0,0,0,0,0,0,0,0,0,0,0,0,0,0,0,0,0,0,0,0,0,0,0,0,0,0,0,0,0,0,0,3,0,0,0,0,0
Sphagnum palustre,0,0,0,0,3,0,0,0,0,0,0,0,0,0,0,0,0,0,0,0,0,0,0,0,0,0,0,0,0,0,0,0,0,0,0,0,0,0,0,0,0,0,0,0,0,0,0,0,0,0,0,0,0,0,0,0,0,0,0,0,0,0,0,0,0,0
Thuidium tamariscinum,0,0,0,0,0,0,0,0,0,0,0,0,0,0,0,0,0,0,0,0,0,0,0,0,0,0,0,0,0,0,0,0,0,0,0,0,0,0,0,0,0,0,0,0,0,0,0,0,0,0,0.5,0,0,0,0,0,0,0,0,0,0,0,0,0,0,0
Trientalis europaea,0,0,0,0,0,0,0,0,0,0,0,0,0,0,0,0,0,0,0.5,0,0,0,0,0,0,0,0,0,0,0,0,0,0,0,0,0,0,0,0,0,0,0,0,0,0,0,0,0,0,0,0,0.5,0,0,0,0,0,0,0,0,0,0,0,0,0,0
Vaccinium myrtillus,37.5,37.5,3,37.5,37.5,37.5,62.5,15,3,15,3,3,15,62.5,62.5,3,0.5,15,15,15,62.5,87.5,15,37.5,37.5,62.5,37.5,37.5,62.5,15,37.5,37.5,37.5,37.5,37.5,15,37.5,15,37.5,62.5,37.5,37.5,37.5,37.5,62.5,15,62.5,37.5,15,3,62.5,15,15,62.5,87.5,37.5,37.5,15,87.5,87.5,62.5,62.5,37.5,87.5,62.5,62.5
Vaccinium vitis-idaea,3,3,3,3,3,15,15,15,15,15,0,0.5,15,3,0,3,0,0,15,3,15,3,3,15,3,3,3,15,37.5,3,15,15,37.5,0.5,3,15,0.5,0.5,3,3,3,15,15,0,3,0.5,15,0.5,3,0.5,0,0.5,0.5,15,3,3,3,3,15,37.5,3,15,0.5,15,15,15
Viscum album s. austriacum,0,0,0,0,0,0,0,0,0,0,0,0,0,0,0,0.5,0,0,0,0,0,0.5,0.5,0.5,0,0,0,0,0,0,0,0,0,0.5,0.5,0,0.5,0,0,0,0.5,0,0,0.5,0,0.5,0.5,0,0.5,0.5,0,0,0,0,0,0.5,0.5,0,0,0,0.5,0,0,0,0,0
