name,A1,A10,A100,A101,A102,A103,A104,A105,A106,A107,A108,A109,A11,A110,A111,A112,A113,A114,A115,A116,A117,A12,A121,A122,A123,A124,A125,A126,A13,A14,A15,A16,A17,A18,A2,A22,A23,A24,A25,A26,A27,A28,A29,A3,A30,A31,A32,A33,A34,A35,A36,A37,A38,A39,A4,A40,A41,A42,A43,A44,A45,A46,A47,A48,A49,A5,A50,A51,A52,A53,A54,A58,A59,A6,A60,A61,A62,A63,A64,A65,A66,A67,A68,A69,A7,A70,A71,A72,A73,A74,A75,A76,A77,A78,A79,A8,A80,A81,A82,A83,A84,A85,A86,A87,A88,A89,A9,A90,A91,A92,A93,A94,A95,A96,A97,A98,A99
Acer campestre,0,0,0.5,0,0,0.5,0,0.5,0,0,0,0.5,0,0,0,0,0,0,0.5,0,0,2,0.5,0,0,0,0.5,0,0,0,0.5,0,2,0,0,0,0,0,0,0,0.5,0,0,0.5,0,0,0,0,0,0.5,0,0,0,0,0,0,0.5,0,0,0,0,0,0,0,0,0,0,0,0.5,0,0,0,0,0,0,0,0,0,0,0,0,0,0,0,0,0,0,0,0,0,0,0,0,0,0.5,0,0,0,0,0,0,0.5,0,0,0,0,0,0,0.5,0.5,0,0,0,0,0,0,0
Acer negundo,0,0,0,0,0,0,0,0,0,0,0,0,0,0,0,0,0,0,0,0,0,0,0,0,0,0,0,0,0,0,0,0,0,0,0,0,0,0,0,0,0,0,0,0,0,0,0,0,0,0,0,0,0,0,0,0,0,0,0,0,0,0,0,0,0,0,0,0,0,0,0,0,0,0,0,0,0,0,0,0,0,0,0,0,0,0,0,0,0,0,0,0,0,0,0,0,0,0,0,0,0,0,0,0,0,0.5,0,0,0,0,0,0,0,0,0,0,0
Acer platanoides,0.5,0.5,0.5,0,0.5,0,0,0.5,0,2,0.5,0,0,0,0,0.5,0,0.5,0,0,0,0.5,0.5,0.5,0.5,0.5,0.5,0,0.5,0.5,0,0.5,0.5,0.5,0.5,0,0,0,0,0,0.5,0,0.5,0,0,0.5,0.5,0,0.5,0,0,0.5,0,0.5,0.5,0,0,0.5,0.5,0.5,0,0,0,0,0,0.5,0,0,0.5,0,0,0,0,0.5,0.5,0,0,0,0.5,0,0,0,0.5,0.5,0.5,0.5,0.5,0,0.5,0,0.5,0.5,0,0,0.5,0,0.5,0.5,0.5,0.5,0.5,0,0.5,0,0,0,0.5,0,0.5,0,0,0,0,0,0,0,0
Acer pseudoplatanus,0.5,0.5,10,10,0.5,40,0.5,10,0.5,20,2,0.5,2,0.5,0.5,4,2,0.5,0.5,0.5,0.5,4,0.5,20,0.5,0.5,2,0.5,10,40,0.5,4,4,2,0,10,10,0.5,0.5,0.5,4,4,20,0,0.5,4,4,4,2,2,0.5,4,10,4,0.5,4,0,0.5,0.5,0.5,20,0.5,2,2,0.5,4,2,4,2,0,0.5,10,2,0.5,0.5,0,0.5,0.5,0.5,2,0,0,0.5,2,0.5,0,0.5,2,4,0.5,0.5,2,0,0,0.5,0,0.5,30,2,2,0.5,0,0.5,0.5,0,0,2,0,0.5,0,0.5,0.5,0,0,0.5,0,0
Aconitum napellus,0,0,0,0,0,0.5,0.5,0.5,0,0,0,0,0,0,0,0.5,0.5,0,0.5,0.5,0.5,0.5,0.5,0.5,0.5,0.5,0.5,0,0,0.5,0.5,0,0.5,0.5,0.5,0,0.5,0.5,0,0,0,0.5,0,0,0.5,0,0.5,0.5,0,0,0,0.5,2,0.5,0.5,0,0,0,0.5,0.5,0.5,0.5,0.5,0,0,2,0,0.5,0.5,0,0.5,2,4,0.5,0,0.5,0.5,0,0,0,0,0,0,0,0.5,0.5,0,0.5,2,0.5,0.5,0,0,0,0,0.5,0.5,0,0.5,0,0.5,0,0,0,0,0,0,0,0,0,0.5,0,0,0,0,0,0
Adoxa moschata,0,0,0,0,0,0,0,0,0,0,0,0,0,0,0,0,0,0,0,0,0,0,0,0,0,0,0,0,0,0,0,0,0,0,0,0,0,0,0,0,0,0,0,0,0,0,0,0,0,0,0,0,0,0,0,0,0,0,0,0,0,0,0,0,0,0,0,0,0,0,0,0,0,0,0,0,0,0,0,0,0.5,0,0,0,0,0,0,0,0,0,0,0,0,0,0,0,0,0,0,0,0,0,0,0,0,0,0,0,0,0,0,0,0,0,0,0,0
Aegopodium podagraria,0,0.5,0,0.5,0.5,0.5,10,20,0,2,0,4,0,10,4,4,10,10,10,2,10,4,10,10,20,20,10,30,4,20,4,4,10,4,40,0.5,10,4,30,2,10,4,10,0.5,20,4,2,10,2,10,0,10,10,10,0.5,4,4,10,0.5,10,4,0,20,10,4,0,4,4,10,0,0,10,20,2,10,10,20,0.5,10,4,4,0.5,20,0.5,0.5,4,0.5,10,2,4,10,0,0,0,2,0.5,10,4,30,2,20,0.5,0,0.5,0,0,4,0,10,0.5,0.5,0,4,0.5,0,0,0
Agrostis canina,0,0,0,0,0.5,0,0,0,0,0,0,0,0,0,0,0,0,0,0,0,0,0,0,0,0,0,0,0,0,0,0,0,0,0,0,0,0,0,0,0,0,0,0,0.5,0,0,0,0,0,0,0,0.5,0,0,0,0,0,0,0.5,0,0,0,0,0,0.5,0,0,0,0,0,0,0,0,0,0,0,0,0,0,0,0,0,0,0,0,0.5,0,0,0,0,0,0,0,0,0,0,0,0,0,0,0,0,0,0,0,0,0,0,0,0,0,0,0,0,0,0,0
Ajuga reptans,0.5,0,0,0,0,0,0,0,0,0.5,0,0,0,0,0,0,0,0,0,0,0,0,0,0,0,0.5,0,0,0.5,0.5,0,0,0,0,0,0,0,0,0.5,0,0,0.5,0.5,0.5,0,0,0,0,0.5,0,0,0.5,0.5,0,0.5,0,0,0.5,0,0,0,0,0,0,0.5,0,0.5,0,0,0,0,0,0,0.5,0.5,0,0,0,0,0,0,0,0,0,0,0.5,0,0,0,0,0,0,0,0,0.5,0.5,0,0,0,0.5,0.5,0,0,0,0,0,0.5,0,0,0,0,0,0,0,0,0,0
Alliaria petiolata,0,0,0,0,0,0,0,0,0,0,0,0,0,0,0,0,0,0,0,0,0,0,0,0,0,0,0,0,0.5,0,0,0,0,0,0,0,0,0,0,0,0,0,0,0,0,0,0,0,0,0,0,0,0,0,0,0.5,0,0.5,0,0,0.5,0,0,0,0,0,0,0,0,0,0,0,0,0,0,0,0,0,0.5,0,0,0,0,0.5,0,0.5,0,0,0,0,0,0,0,0,0,0,0.5,0,0,0,0,0,0,0,0,0,0,0,0,0,0,0,0,0,0,0,0
Allium ursinum,0,0,0,0,0,0,0.5,0,0,0,0,0,0,0,4,30,0.5,4,0,0,30,0,0,0.5,0.5,0.5,0,0,0.5,0,0,0,0,0,0,90,0,0,0,0,10,20,0.5,0,0,20,0.5,0,30,0,0,0,0,0,0,0,0,0,0,0,0,0,0,0.5,0.5,0,4,2,4,0,0,0,10,0,90,70,4,90,0,0,0,0,0,0,0.5,0,0,0,0,0,0.5,0,0,0,0,2,0,0,0,0,0,0,10,0,0,0,0,0,0.5,0.5,0,0,0.5,0,0,0.5,0
Alnus glutinosa,0,0,0,0,0,0,0,0,0,0,0,0,0,0,0,0,0,0,0,0,0,0,0,0,0,0,0,0,0,0,0,0,0,0,0,0,0,0,0,0,0,0,0,0,0,0,0,0,0,0,0,0,0,0,0,0,0,0,0,0,0,0,0,0,0,0,0,0,0,0,0,0,0,0,0,0,0,0,0,0,0,0,0,0,0,0,0,0,0,0,0,0,0,0,0,0,0,0,0,0,0,0,0,0,0,0,0,0,0,0,0,0,0,0,4,10,20
Alnus incana,0.5,0,0,0,2,0,0,0,0.5,0,0.5,0.5,0,0,0.5,0.5,0.5,4,0,2,0,0,0.5,0,0,0,0,0,0,0,0,0,0,0,0,0,0,0,0,0.5,0,0,0,0,0,0,0,0,0,0,2,2,0,0,0,0,0,0,0,0,0,0,0,0,0,0,0.5,0,0,0,0.5,0,0,0,0,0,0,0,0,0,0,4,0,0.5,0,0,0,0,2,0,0,0,0,0,0,0,0,0,0,0,0,0,0,2,2,0,0.5,0.5,0,0.5,0,0.5,0,0,0.5,0,20
Alopecurus pratensis,0,0,0,0,0,0,0,0,0,0,0,0,0,0,0,0,0,0,0,0,0,0,0,0,0,0,0,0,0,0,0,0,0,0,0,0,0,0,0,0,0,0,0,0,0,0,0,0,0,0,0,0,0,0,0,0,0,0,0,0,0,0,0,0,0,0,0,0,0,0,0,0,0,0,0,0,0,0,0,0,0,0,0,0,0,0,0,0,0,0,0,0,0,0,0,0,0,0,0,0,0,0.5,0,0,0,0,0,0,0,0,0,0,0,0,0,0,0
Anemone narcissiflora,0,0,0,0,0,0,0,0,0,0,0,0,0,0,0,0,0,0,0,0,0,0,0,0,0,0,0,0,0,0,0,0,0,0,0,0,0,0,0,0,0,0,0,0,0,0,0,0,0,0,0,0,0,0,0,0,0.5,0,0,0,0,0,0,0,0,0,0,0,0,0,0,0,0,0,0,0,0,0,0,0,0,0,0,0,0,0,0,0,0,0,0,0,0,0,0,0,0,0,0,0,0,0,0,0,0,0,0,0,0,0,0,0,0,0,0,0,0
Anemone nemorosa,0.5,0,4,20,0,4,4,4,0.5,2,0.5,0.5,0.5,0.5,0.5,2,0.5,0.5,2,2,2,0.5,2,0.5,0.5,2,10,0.5,0,0.5,2,0.5,4,2,2,0,0.5,0.5,0.5,0.5,4,0.5,0.5,2,0.5,2,0.5,0.5,10,2,0.5,0.5,0.5,2,0.5,2,0.5,2,0.5,2,0.5,0.5,2,10,0.5,0.5,2,4,0.5,0.5,0.5,10,0.5,0.5,0.5,0.5,0.5,0.5,0,0.5,0.5,0.5,0,0.5,0.5,0,0.5,2,0.5,0.5,0.5,0.5,0,0,2,0.5,2,10,2,0.5,10,0.5,0,0,0,0.5,0.5,0,2,0.5,0.5,0,0.5,0,0.5,0,0
Anemone ranunculoides,0,0,0.5,0.5,0,4,4,4,0.5,0.5,0.5,0.5,0.5,0.5,0.5,2,0.5,0.5,2,2,0.5,0,2,0.5,0.5,2,4,0.5,2,0.5,2,0.5,4,0.5,2,0,0.5,0.5,0,0.5,0,0.5,0.5,0.5,0.5,2,0.5,0.5,0.5,0.5,0.5,2,0.5,0.5,0.5,10,0.5,4,0,2,0.5,0,0.5,0.5,0.5,0.5,0.5,0.5,0,0,0,2,0.5,0.5,0,0.5,0.5,0,0.5,0,0,0.5,0,0,0.5,0,0.5,0,0,0,0,0,0,0,2,0.5,0,10,2,0,10,0,0.5,0,0,0.5,0,0,0.5,0,0,0,0.5,0,0,0,0
Angelica sylvestris,0,0.5,0,0.5,0,0,0,0.5,0,0,0,0,0,0.5,0,0,0,0,0,0,0,0,0,0,0,0,0,0,0,0,0.5,0,0,0.5,0,0,0,0,0.5,0,0,0,0,0,0,0,0.5,0,0.5,0,0,0,0,0,0.5,0,0,0,0,0,0,0.5,0.5,0,0,0.5,0,0,0,0.5,0,0,0,0.5,0,0,0.5,0.5,0,0,0.5,0.5,0.5,0.5,0,0,0.5,0,0,0,0,0.5,0,0,0,0.5,0,0,0,0.5,0,0.5,0,0,0,0,0.5,0,0,0,0,0,0,0.5,0,0,0
Anomodon viticulosus,0,0,0,0,0,0,0,0,0,0,0,0,0,0,0,0,0,0,0,0,0,0,0,0,0,0,0,0,0,0,0,0,0,0,0,0,0,0,0,0,0,0,0,0,0,0,0,0,0,0,0,0,0,0,0,0,0,0,0,0,0,0,0,0.5,0,0,0,0,0,0,0,0,0,0,0,0,0,0,0,0,0,0,0,0,0,0,0.5,0,0,0,0,0,0,0,0,0,0,0,0,0,0,0,0,0,0,0,0,0,0,0,0,0,0,0,0,0,0
Aquilegia vulgaris,0,0,0,0,0,0,0,0,0,0,0,0,0,0,0,0,0,0,0,0,0,0,0,0,0,0,0,0,0,0,0,0,0,0,0,0,0,0,0,0,0,0,0,0,0,0,0,0,0,0,0,0,0,0,0,0,0,0,0,0,0,0,0,0,0,0,0,0,0,0,0,0,0,0,0,0,0,0,0,0,0,0,0,0,0,0,0,0,0,0,0,0,0,0,0,0,0,0,0,0,0,0,0,0,0,0,0,0,0,0.5,0,0,0,0,0,0,0
Arctium lappa,0,0,0,0,0,0,0,0,0,0,0,0,0,0,0,0,0,0,0,0,0,0,0,0,0,0,0,0,0,0,0,0,0,0,0,0,0,0,0,0,0,0,0,0,0,0,0,0,0,0,0,0,0,0,0,0,0,0,0,0,0,0,0,0,0,0,0,0,0,0.5,0,0,0,0,0,0,0,0,0,0,0,0,0,0,0,0,0,0,0,0,0,0,0,0,0,0,0,0,0,0,0,0,0,0,0,0,0,0,0,0,0,0,0,0,0,0,0
Arctium nemorosum,0,0,0,0,0,0,0,0,0,0,0,0,0,0,0,0,0,0,0,0,0,0,0,0,0,0,0,0,0,0,0,0,0,0,0,0,0,0,0,0,0,0,0,0,0,0,0,0,0,0,0,0,0,0,0,0.5,0,0.5,0,0,0,0,0,0,0,0,0,0,0,0,0,0,0,0,0,0,0,0,0,0,0.5,0,0,0.5,0,0,0,0,0,0,0,0,0,0,0,0,0,0,0,0,0,0,0,0,0,0,0,0,0,0,0,0,0,0,0,0,0
Arctium tomentosum,0,0,0,0,0,0,0,0,0,0,0,0,0,0,0,0,0,0,0,0,0,0,0,0,0,0,0,0,0.5,0,0,0.5,0,0.5,0,0,0,0,0,0,0.5,0,0,0,0,0,0,0,0,0,0,0,0,0,0,0.5,0,0,0.5,0,0,0,0,0,0,0,0,0,0,0,0,0,0,0,0,0,0.5,0,0,0,0,0,0,0,0.5,0,0,0.5,0.5,0,0,0,0,0,0,0.5,0.5,0,0,0,0,0,0.5,0,0,0,0,0,0,0,0,0,0,0,0,0,0
Arum maculatum,0,0,0,0,0,0,0,0,0,0,0,0,0.5,0,0,0,0,0,0.5,0,0,0,0,0,0,0,0,0,0,0,0.5,0,0,0,0,0,0,0,0,0,0,0,0,0.5,0,0,0,0,0.5,0.5,0,0,0,0,0,0,0,0,0.5,0,0.5,0.5,0.5,0.5,0.5,0,0.5,0,0.5,0.5,0.5,0.5,0.5,0,0.5,0,0.5,0,0,0,0,0,0,0,0,0,0,0.5,0,0.5,0,0.5,0,0,0,0,0,0,0,0,0,0,0,0,0,0,0,0,0,0,0,0,0,0,0,0,0
Asarum europaeum,2,0,0.5,2,0,2,2,2,0.5,0.5,0.5,2,0,2,2,4,10,2,10,10,2,2,4,4,4,2,2,10,0,4,10,0,2,2,2,4,0.5,2,4,0.5,0.5,2,0.5,2,2,2,2,4,0.5,4,0,0.5,0.5,10,2,2,4,0.5,2,2,0.5,0.5,0,0.5,4,2,2,2,4,2,0,4,2,4,0.5,2,4,2,0,0,0,0.5,0,0,0.5,0,0.5,0.5,4,0.5,0,0.5,0,0,0.5,4,2,2,2,2,2,0,0,0,0,0,2,0.5,0,0,0,0,0.5,0,0,0,0
Astragallus glyciphyllos,0,0,0,0,0.5,0,0,0,0,0,0,0,0,0,0,0,0,0,0,0,0,0,0,0,0,0,0,0,0,0,0,0,0,0,0,0,0,0,0,0,0,0,0,0,0,0,0,0,0,0,0,0,0,0,0,0,0,0,0,0,0,0,0,0,0,0,0,0,0,0,0,0,0,0,0,0,0,0,0,0,0,0,0,0,0,0,0,0,0,0,0,0,0,0,0,0,0,0,0,0,0,0,0,0,0,0,0,0,0,0,0,0,0,0,0,0,0
Berberis vulgaris,0,0,0.5,2,4,0.5,0,0,0,0,0,0,0,0.5,0,0,0,0,0,0,0,0,0,0,0,0,0,0,0.5,0.5,0,0.5,0,0.5,0,0,0,0,0,0,0,0,0,0,0,0,0,2,0,0,0,0,0,0,0,0.5,4,2,0,0,0,0,0,0,0,0,0,0,0,0,0.5,0,0,0,0,0,0,0,0,0.5,0,0,0,0.5,0,0,0,0,0,0,0,0,0,0,0,0,0,0,0,0,0,0,0,0,0,0,0,0,0,0,0,0,0,0,0,0,0
Brachypodium pinnatum,0,0,0,0,0,0,0,0,0,0,0,0,0,0,0,0,0,0,0,0,0,0,0,0,0,0,0,0,0,0,0,0,0,0,0,0,0,0,0,0,0,0,0,0,0,0,0,0.5,0,0,0,0,0,0,0,0,0,0,0,0,0,0,0,0,0,0,0,0,0,0,0,0,0,0,0,0,0,0,0,0,0,0,0,0,0,0,0,0,0,0,0,0,0,0,0,0,0,0,0,2,0,0,0,0,0,0,0,0,0,0,0,0,0,0,0,0,0
Brachythecium rutabulum,0,0,0,0,0,0,0,0,0.5,0.5,2,0,0,0,0,0,0,0,0,0,0,0,0,0,0,0,0.5,4,0,0,0,0,0,0,0,0,0,0,0,0,0,0,0,0,0,0,0,0,0,0,0,0,0,0,0,0,0,0,0,0,0,0,0,0,0,0,0,0,0,40,0,0,0,0,0,2,0,0,0,0,0,0,0.5,0,0,0,0,0,0,2,0,0,0,0,0,0,0,2,0,0,0,0,0,0,0,0,0,0,0,0,0,0,0,0,0,0,0
Brachypodium sylvestris,10,2,0.5,4,10,2,0.5,0.5,0.5,10,4,2,0.5,2,0.5,0.5,10,30,2,0.5,4,2,0.5,2,4,2,0.5,2,10,0.5,10,2,2,4,4,0.5,10,10,0.5,2,0.5,0.5,20,2,2,0.5,2,0.5,20,0.5,0.5,2,20,2,4,4,10,20,0.5,2,20,2,0.5,10,10,20,4,10,0.5,4,2,2,0.5,10,0.5,0.5,2,0,0.5,0.5,0.5,0.5,0.5,2,4,4,4,10,2,20,10,2,0,0,20,0.5,2,2,2,20,0.5,0.5,10,0.5,0.5,0.5,4,0.5,10,10,10,10,20,10,0.5,0,0
Bromus ramosum,0,0,0,0,0,0,0,0,0,0,0,0,0,0,0,0,0,0,0,0,0,0,0,0,0,0,0,0,0,0,0,0,0,0,0,0,0,0,0,0,0,0,0,0,0,0,0,0,0,0,0,0,0,0,0,0,0,0,0,0,0,0,0,0,0,0,0,0,0.5,0,0,0,0,0,0,0,0,0,0,0,0,0,0,0,0,0,0,0,0,0,0,0,0,0,0,0,0,0,0,0,0,0,0,0,0,0,0,0,0,0,0,0,0,0,0,0,0
Calamagrostis epigejos,0,0,0,0,0.5,0,0,0,0,0,0,0,0,0,0,0,0,0,0,0,0,0,0,0,0,0,0,0,0,0,0,0,0,0,0,0,0,0,0,0,0,0,0,0,0,0,0,0,0,0,0,0,0,0,0,0,0,0,0,0,0,0,0,0,0,0,0,0,0,0,0,0,0,0,0,0,0,0,0,0,0,0,0,0,0,0,0,0,0,0,0,0,0,0,0,0,0,0,0,0,0,0,0,0.5,0,0,0,0,0,0,0,0,0,0,0,0,0
Calliergonella cuspidata,0,0.5,0,0,0,0,0,0,0.5,0,0,0.5,0,0,0,0,0,0,0,0,0,0,0,0,0,0,0,0,0,0,0,0,0,0,0,0,0,0,0,0,0,0,0,0,0,0,0,0,0,0.5,0,0,0,0,0,0,0,0,2,0,0,0,0,0,0,0,2,0,0,0,0,0,0,0,0,0,0,0,0,0,0,0.5,0,0.5,0,0,0,0,0,0,0,0.5,10,0,0,0,0,0,0,0,0,0,0,0,4,0,0,2,0,0.5,2,4,0.5,2,2,0.5,0
Calystegium sepium,0,0,0,0,0,0,0,0,0.5,0,0,0,0,0,0,0,0,0,0,0,0,0,0,0,0,0,0,0,0,0,0,0,0,0,0,0,0,0,0,0,0,0,0,0,0,0,0,0,0,0,0,0,0,0,0,0,0,0,0,0,0,0,0,0,0,0,0,0,0,0,0,0,0,0,0,0,0,0,0,0.5,0.5,0,0,0,0,0,0,0,0,0,0,0,0,0,0,0,0,0,0,0,0,0,0,0,0.5,0,0,0.5,0,0,0,0,0,0,0.5,0.5,0.5
Campanula trachelium,0,0,0,0,0,0,0.5,0.5,0,0,0,0,0,0,0,0,0,0.5,0.5,0,0,0.5,0.5,0.5,0,0.5,0.5,0.5,0.5,0.5,0,0,0.5,0.5,0.5,0,0.5,0,0,0,0.5,0,0,0,0,0,0,0,0,0,0,0.5,0.5,0.5,0.5,0,0,0.5,0.5,0,0,0,0,0,0.5,0.5,0.5,0.5,0.5,0,0,0,0,0,0,0,0,0,0,0,0,0,0,0,0,0,0.5,0.5,0.5,0,0.5,0,0,0,0.5,0,0.5,0.5,0.5,0.5,0.5,0,0,0,0,0,0,0,0,0,0,0,0,0,0,0,0
Cardamine amara,0,0,0,0,0,0,0,0,0,0,0,0,0,0,0,0,0,0,0,0,0,0,0,0,0,0,0,0,0,0,0,0,0,0,0,0,0,0,0,0,0,0,0,0,0,0,0,0,0,0,0,0,0,0,0,0,0,0,0,0,0,0,0,0,0,0,0,0,0,0,0,0,0,0,0,0,0,0,0,0,0,0,0,0.5,0,0,0,0,0,0,0,0,0,0,0,0,0,0,0,0,0,0,0,0,0,0,0,0,0,0,0,0,0,0,0,0,0
Carduus personata,0.5,0,0,0,0,0,0,0.5,0,0,0,0.5,0,0.5,0.5,0.5,0.5,0.5,0.5,0,0.5,0.5,0.5,0.5,0.5,0,0,0.5,0.5,0.5,0.5,0.5,0,0,0,2,2,0.5,0.5,0,0.5,4,0.5,0.5,0,10,0.5,0,0.5,0,0,0.5,0.5,0.5,0.5,0.5,0,0.5,0.5,0.5,0.5,0,0.5,0.5,0.5,0.5,0.5,0.5,0.5,0.5,0,0,0.5,0.5,0.5,0.5,0.5,0,0.5,10,0.5,0.5,0.5,0.5,0.5,0.5,0,0.5,4,0.5,0.5,0,0,0,0,0.5,0.5,0,0.5,0.5,0,0.5,0,0.5,0,0,0.5,0.5,0,0.5,0,0,0,0,0,0,0
Cardamine pratensis agg.,0,0,0,0,0,0,0,0,0,0,0,0,0,0,0,0,0,0,0,0,0,0,0,0,0,0,0,0,0,0,0,0,0,0,0,0,0,0,0,0,0,0,0,0,0,0,0,0,0,0,0,0,0,0,0,0,0,0,0,0,0,0,0,0,0.5,0,0,0,0,0,0,0,0,0,0,0,0,0,0,0,0,0,0,0,0,0,0,0.5,0,0,0,0,0,0,0,0,0,0,0,0,0,0,0,0,0,0,0,0,0,0,0,0,0,0,0,0,0
Carex acutiformis,0,0.5,0,0,0.5,0,0,0.5,2,4,20,0.5,0,0,0.5,2,0.5,0.5,0.5,0.5,2,0.5,0,0.5,0,0,0.5,0.5,0,0.5,0,0,0,0,0,2,0,0,0.5,0.5,0.5,10,0,0,0.5,2,0,0.5,0,0,10,0,0,0.5,0.5,0,0,0.5,0,4,0,0.5,0.5,10,0,0,0,0,0.5,0,0,0.5,0,0,0,0.5,0,0,0,20,0,0.5,0,0,0,0.5,4,0.5,0.5,0.5,0,0.5,0.5,0.5,0,0.5,0.5,0,2,0,0,0.5,0,0,0.5,0,0.5,10,0,0.5,0,0.5,0,0.5,4,0,0
Carex alba,2,0,10,30,4,0.5,10,10,0,0.5,0,0.5,0.5,0.5,0,0,0,0.5,4,0.5,0,20,20,20,2,20,10,4,4,2,10,30,20,10,0.5,0,2,20,0.5,0,0,0,0,0,2,4,0,0.5,0.5,2,0,30,2,10,10,20,30,0.5,4,0,0,0,0,0,2,10,4,2,0,0,0,4,0,0,0,0,0,0,0,0,0,0,0,0,0,0,0,0,2,0,0,0,0,0,4,0,4,10,0.5,4,10,0,0,0,0,0,0.5,0,10,0,0,4,0,0,0,0,0
Carex digitata,0.5,0,0,0,0,0,0,0,0,0,0,0,0,0,0,0,0,0,0,0,0,0,0,0,0,0,0,0,0,0,0,0,0.5,0,0,0,0,0,0,0,0,0,0,0,0,0,0,0,0,0,0,0,0,0,0,0,0,0,0,0,0,0,0,0,0.5,0.5,0,0,0,0,0,0,0,0,0,0,0,0,0,0,0,0,0,0,0,0,0,0,0,0,0,0,0,0,0,0,0,0,0,0,0,0,0,0,0,0,0,0,0,0,0,0,0,0,0,0,0
Carex flacca,0,0,0,0,20,0,0,0,0,0,0,0,0,0,0,0,0,0,0,0,0,0,0,0,0,0,0,0,0,0,0,0,0,0,0,0,0,0,0,0,0,0,0,0,0,0,0,0,0,0,0,0,0,0,0,0,0,0,0,0,0,0,0,0,0,0,0,0,0,0,0,0,0,0,0,0,0,0,0,0,0,0,0,0,0,0,0,0,0,0,0,0,0,0,0,0,0,0,0,0,0,0,0,0,0,0,0,0,0,0,0,0,0,0,0,0,0
Carex flava agg.,0,0.5,0,0,0,0,0,0,0,0,0,0,0,0,0,0,0,0,0,0,0,0,0,0,0,0,0,0,0,0,0,0,0,0,0,0,0,0,0,0,0,0,0,0,0,0,0,0,0,0,0,0,0,0,0,0,0,0,0,0,0,0,0,0,0,0,0,0,0,0,0,0,0,0,0,0,0,0,0,0,0,0,0,0,0,0,0,0,0,0,0,0,0,0,0,0,0,0,0,0,0,0,0,0,0,0,0,0,0,0,0,0,0,0,0,0,0
Carex gracilis,0,0,0,0,0,0,0,0,0,0,0,0,0,0,0,0,0,0,0,0,0,0,0,0,0,0,0,0,0,0,0,0,0,0,0,0,0,0,0,0,0,0,0,0,0,0,0,0,0,0,0,0,0,0,0,0,0,0,0,0,0,0,0,0,0,0,0,0,0,0,0,0,0,0,0,0,0,0,0,0,0,0,0,0,0,0,0,0,0,0,0,0,0,2,0,0,0,0,0,0,0,0.5,0,0.5,0,0,0,0,0,0,0,0,0,0,0,0,0
Carex otrubae,0,0,0,0,0,0,0,0,0,0,0,0,0,0,0,0,0,0,0,0,0,0,0,0,0,0,0,0,0,0,0,0,0,0,0,0,0,0,0,0,0,0,0,0,0,0,0,0,0,0,0,0,0,0,0,0,0,0,0,0,0,0,0,0,0,0,0,0,0,0,0,0,0,0,0,0,0,0,0,0,0,0,0,0,0,0,0,0,0,0,0,0,10,0,0,0,0,0,0,0,0,0,0,0,0,0,0,0,0,0,0,0,0,0,0,0,0
Carex riparia,0,2,0,0,0.5,0,0,0,0,0,0,0,0,0,0,0.5,0.5,0,0,0,0,0,0,0,0,0,0,0,0,0,0,0,0,0,0,0,0,0,0,0,0,0,0,0,0,2,0,0,0,0,0.5,0,0,0,0,0,0,0,0,4,0,0.5,0,0,0,0,0,0,0,0,0,0,0,0,0,0,0.5,0,0,30,0,0,0,0,0,0,0.5,0,0,0,0,0,2,0,0,0,0,0,2,0.5,0,2,0,0.5,0,0,0,0.5,0,2,0,0,0,0,0.5,10,10
Carex sylvatica,0.5,4,0,0,0.5,0.5,0.5,0.5,0.5,4,0.5,0.5,0.5,0.5,0.5,0.5,0.5,0.5,0.5,0.5,0.5,0.5,0.5,0.5,0.5,0.5,0.5,0,0,0.5,0.5,0,20,0,0.5,0,0.5,0.5,0.5,0,0.5,0.5,4,0.5,0.5,0.5,0.5,0.5,20,2,0.5,0,0.5,0.5,0.5,0,0,0.5,0.5,0,0.5,0.5,0.5,0.5,0.5,0.5,0.5,0.5,4,0.5,0.5,0.5,0.5,0.5,0,0,0.5,0,0,0,0.5,0,0,0.5,4,0.5,0,0.5,0,0.5,0.5,2,0,0,0.5,0,0.5,0.5,2,0.5,0.5,2,2,2,0,0,0.5,0.5,0.5,4,0.5,0.5,0.5,0,0,0,0
Carex tomentosa,0,0,0,0,0.5,0,0,0,0,0,0,0,0,0,0,0,0,0,0,0,0,0,0,0,0,0,0,0,0,0,0,0,0,0,0,0,0,0,0,0,0,0,0,0,0,0,0,0,0,0,0,0,0,0,0,0,0,0,0,0,0,0,0,0,0,0,0,0,0,0,0,0,0,0,0,0,0,0,0,0,0,0,0,0,0,0,0,0,0,0,0,0,0,0,0,0,0,0,0,0,0,0,0,0,0,0,0,0,0,0,0,0,0,0,0,0,0
Carpinus betulus,0,0,0.5,0.5,0.5,0.5,0,0.5,0,0,0,0,0,0,0,0,0,0,0,0,0,0,0,0,0,0,0,0,0,0,0,0,0,0,0,0,0,0,0,0,0,0,0,0,0,0,0,0,0.5,0,0,0,0,0,0,0,0,0,0,0,0.5,0,0,0,0,0,0,0,0,0,0,0,0,0,0,0,0,0,0,0,0,0,0,0,0,0,0,0,0,0,0,0,0,0,2,0,0,0,0,0,0,0,0,0,0,0,0,0,0.5,0.5,0.5,0,0,0,0,0,0
Circaea lutetia,0.5,0.5,0,0,0,0,0,0,0.5,0.5,0.5,0,2,0.5,0,0,0,0,0,0,0,0,0,0,0,0,0,0,0,0,0.5,0,0,0,0.5,0,0,0.5,4,0,0.5,0.5,0.5,2,0,0.5,0,0,2,0.5,0.5,0,0,0,0,0,0,0.5,0.5,0,0.5,2,0.5,0,0.5,0.5,0.5,0,0.5,0.5,0,0,0.5,2,0.5,0.5,0.5,0,2,0,2,0.5,2,0.5,0,0,0,2,0,0.5,0.5,0.5,0,0,0,0.5,0,0.5,0.5,0.5,0.5,2,0.5,0,0,2,4,0,0,0.5,0.5,0,0,0,0,0,0.5
Cirriphyllum piliferum,0.5,0,0,0,0,0,0,0,0,0,0,0,0,2,0,0,0.5,0,0,0,0,0,0,0,0,0,0,0,0,0,0,0,0,0,0,0,0,0,0,0,0,0.5,0,0,0,0,0,0,0,0.5,0,0,0,0,0,0,0.5,0,2,0,0,0,0,0,0,0,2,0,0.5,0,4,0,0,0,0.5,0,0,0,0,0,0,0,0,0,0,0,0,0,2,0,0,0,0,0,0,0,0,0,0,0,0,0,0,0,0,0,0,0,0,0.5,0,2,0.5,0,0,0,0
Cirsium oleraceum,0,0,0,0,0,0,0,0,0,0,0,0.5,0,0.5,0,0.5,0.5,0.5,0,0,0.5,0,0,0,0.5,0,0,0.5,0,0,0,0,0,0,0,0,0,0,0,0,0,0,0,0,0,0,0,0,0,0,0,0,0,0,0,0,0,0,0,0,0,0,0,0,0,0,0,0,0,0,0,0,0,0,0,0,0,0,0,0,0,0,0,0,0,0,0,0,0,0,0,0,0,0,0,0,0,0,0,0,0,0,0,0,0,0,0,0,0,0,0,0,0,0,0,0,0
Clematis vitalba,0.5,0,0.5,0.5,0,0,0,0,0,0,0,0,0,0.5,0,0,0,0,0,0,0,0,0,0,0,0,0,0,10,0,0,0.5,0,0,0,0,0,2,0,0,0,0.5,0,0,0,0,0.5,0,0,0,0,0.5,0,2,0.5,20,0,0,0.5,0,0,0,0,0,0,2,0,0,0,0,0,0,0,0.5,0,0,0,0,0,0,0,0,0,0,0.5,0,0.5,0,0,0,0,0,0,0,0,0,0,0.5,0,0,0,0,0,0,0,0,0,0,0,0,0,0,0,0,0,0,0
Clinopodium vulgare,0,0,0,0,0,0,0,0,0,0,0,0,0,0,0,0,0,0,0,0,0,0,0,0,0,0,0,0,0,0,0,0,0,0,0,0,0,0,0,0,0,0,0,0,0,0,0,0,0,0,0,0.5,0,0,0,0,0,0,0,0,0,0,0,0,0,0,0,0,0,0,0,0,0,0,0,0,0,0,0,0,0,0,0,0,0,0,0,0,0,0,0,0,0,0,0,0,0,0,0,0,0,0,0,0,0,0,0,0,0,0,0,0,0,0,0,0,0
Colchicum autumnale,4,0,0,0,0,0,0.5,0,0,0,0,0.5,0,0,0,0,2,0.5,0.5,0.5,0,0.5,0,2,0.5,0,0,0.5,0,0.5,0.5,0,2,0,0.5,0,0.5,0.5,0,0,0,0.5,0.5,0.5,2,0,0,0,0,0.5,0,0,0,0.5,0.5,0,0,0,0.5,0,0.5,0,0.5,0,0.5,0,0.5,0.5,0.5,0,0,0,0,2,0,2,0.5,0,0,0,0,0.5,0,0,0.5,0,0.5,0.5,0.5,0,0.5,0.5,0,0,0,0.5,0,0.5,0,0.5,0.5,0.5,0,0.5,0,0,0,0,0,0,0.5,0,0.5,0,0,0,0
Convallaria majalis,0,0,0,0.5,0,2,10,0.5,0,0,0,0.5,0,0,0,0,0,0,0,0,0,0.5,0.5,0.5,0,0.5,0.5,0,0,0.5,0,0,0.5,0,0,0,0,0,0,0,0,0,0,0,0,0,0.5,0,0,0,0,0,0,0,0,0,0,0,0,0,0,0,0,0,0,0,0,0,0,0,0,0,0,0,0,0,0,0,0,0,0,0,0,0,0,0,0,0,0,0,0,0,0,0,2,0,0,0,0,0.5,4,0,0,0,0,0,0,0.5,0,0.5,0,0,0.5,0.5,0.5,0,0
Cornus mas,0,0,2,10,0.5,4,2,2,10,0,0,0,0,0.5,0,0,0,0,0,0,0,0.5,0,0,0,0,2,0,0,0,0,0,0,0,0,0,0,0,0,0,0,0,0,0,0,0,0,0,0,0,0,0.5,0,0.5,0,0,0,0.5,0.5,0,0,0,0,0,0,0,0.5,0,0,0,0,0,0,0,0,0,0,0,0,0,0,0,0,0,0,0,0,0,0,0,0,0,0,0,4,0,0,0,0,0,0.5,0,0.5,0,0,0,0,0.5,2,0,0,0,0,0.5,0,0,0
Cornus sanguinea,4,0.5,0.5,0.5,2,0,0,0.5,0.5,4,0.5,10,2,0.5,0.5,2,10,2,2,20,0,0,2,4,4,0.5,0,0.5,0.5,2,10,10,0.5,0.5,0,0,0.5,2,0,4,0.5,0.5,0.5,4,0.5,0.5,0.5,0.5,0.5,0.5,0.5,0.5,2,2,0.5,0.5,10,0.5,0.5,0.5,2,0.5,20,0.5,0,20,0.5,0.5,0.5,2,20,0.5,0.5,0.5,0,0,0,0,0,0,2,0.5,2,2,0.5,20,10,4,4,4,10,0.5,0,0.5,0.5,4,0.5,0.5,0.5,0.5,0.5,20,0.5,20,10,2,10,4,0.5,20,20,20,10,10,4,2,0.5
Corydalis avellana,0,0.5,4,0.5,0,0.5,2,0.5,0,0,0,0.5,2,0,2,0.5,0,0,0,0.5,0,10,2,0,0.5,0.5,2,2,0,0.5,0,0,4,10,0,0,0.5,10,0,0.5,0,0,0.5,2,0.5,0,0,0.5,0.5,0.5,0,2,0,4,0,0,0,0.5,0,0,0.5,0.5,0,0,0,0,0.5,0,0,0,0,0,0,0,0.5,0,0,0,0,0,0,0,0,0,0,0,0,0,0,0.5,0,0,0,0,20,0,0,0.5,0.5,0,0.5,0,0.5,0,0,0,0.5,0,4,0,0,0,0.5,0.5,0,0.5,0
Crataegus monogyna,4,0,0.5,0.5,2,0.5,0.5,0.5,0.5,0.5,0.5,0.5,0.5,0.5,0,0,0,0.5,0.5,0.5,0,0.5,0,0.5,0.5,0.5,0.5,0.5,2,0,0.5,0.5,0,2,0,0,0,0.5,0,0.5,0,0,0.5,0.5,0.5,0.5,0.5,0.5,0.5,0.5,0,0.5,0.5,0.5,2,4,0.5,0.5,2,0.5,0.5,0.5,0.5,0.5,0.5,2,0.5,0.5,0.5,2,2,0,0,0,0,0,0,0,0,0,0,0,0,0.5,0,0.5,0.5,0.5,0.5,0.5,2,0,0,0,0.5,0,0,0,0,0.5,0.5,0.5,0.5,0.5,0.5,0.5,0.5,0.5,0.5,4,2,0.5,2,0.5,0,0,0
Ctenidium molluscum,0,0,0,0,0,0,0,0,0,0,0,0,0,0,0,0,0,0,0,0,0,0,0,0,0,0,0,0,0,0,0,0,0,0,0,0,0,0,0,0,0,0,0,0,0,0,0,0,0,0,0,0,0,0,0,0,0,0,0,0,0,0,0,0,0,0,0.5,0.5,0,0,0,0,0,0,0,0,0,0,0,0,0,0,0,0,0,0,0,0,2,0,0,0,0,0,0,0,0,0,0,0,0,0,0,0,0,0,0,0,0,0,0,0.5,0,0,0,0,0
Dactylis glomerata,0,0,0,0,0,0.5,0,0,0,0,0,0,0,0,0,0,0,0,0,0,0,0,0,0,0,0,0,0,0,0,0,0,0,0,0.5,0,0.5,0.5,0,0,0,0.5,0.5,0,0,0.5,0,0,0.5,0,0,0,0.5,0,0,0.5,0,0.5,0,0,2,0,0,0.5,0,0,0,0,0,0,0,0,0,0,0,0,0.5,0,0,0,0.5,0,0.5,0,0,0.5,0,0,0,0.5,0,0,0,0,0,0,0,0.5,0.5,0,0.5,0,0.5,0,0,0,0,0,0.5,0.5,0,0,0,0,0,0,0
Dactylis polygama,0,0.5,0,0,0,0,0,0,0,0,0,0,0,0,0,0,0,0,0,0,0,0.5,0,0,0,0,0,0.5,0,0.5,0,0,0.5,0,0,0,0,0,0,0,0,0,0,0,0,0,0,0,0,0,0,0.5,0,0,0,0,0,0,2,0,0,0,0,0,2,0,0.5,0,0,0,0,0,0.5,0,0,0,0,0,0,0,0,0,0,0,0,0,0,0,0,0,0,0,0,0,0,0,0,0,0,0,0,0,0,0,0,0,0,0,0,0,0,0,0,0,0,0,0
Daphne mezereum,0.5,0,0.5,0.5,0.5,0,0,0,0,0,0,0.5,0,0.5,0,0,0,0,0,0,0.5,0,0.5,0.5,0.5,0.5,0,0.5,0.5,0.5,0,0.5,0,0,0,0,0,0,0,0,0.5,0,0,0,0.5,0,0,0.5,0,0.5,0,0,0.5,0,0.5,0,0,0.5,0.5,0,0,0,0,0,0,0.5,0,0,0,0,0.5,0,0,0,0,0,0,0,0,0,0,0,0,0,0,0,0.5,0,0.5,0,0,0,0,0,0,0,0.5,0,0,0,0,0,0,0,0,0,0,0,0,0.5,0.5,0.5,0.5,0.5,0,0,0
Deschampsia cespitosa,2,40,0,0,0.5,0.5,0.5,0.5,2,10,20,20,0.5,0.5,20,2,4,0.5,0.5,20,2,2,0.5,0.5,0.5,0.5,2,0.5,0,0,0.5,0,0.5,0,0.5,0.5,0.5,0.5,2,2,0.5,4,2,2,4,2,0.5,0.5,0.5,10,4,0.5,2,0.5,0.5,0,0,0.5,0.5,0.5,0.5,10,0.5,2,0.5,0.5,0.5,0.5,2,0.5,0,4,0.5,0,2,2,4,2,2,2,0.5,20,0.5,20,0,0.5,0.5,2,0.5,4,0.5,30,2,0,0.5,0.5,0,0,2,0,0.5,40,20,40,30,20,10,30,0,20,10,10,0.5,10,0.5,0.5,0.5
Equisetum arvense,0,0.5,0,0,0,0,0,0,0,0.5,0,0,0,0,0,0.5,0,0,0,0,0,0,0,0,0,0,0,0,0,0,0,0,0,0,0.5,0.5,0,0,0,0,0,0.5,0,0,0,0,0,0,0,0,0,0,0,0,0,0,0,0,0,0,0,0,0,0,0,0,0,0,0,0,0,0,0,0,0,0,0,0,0,0.5,0,0,0,0,0,0,0,0,0,0.5,0,0,0,0.5,0,0,0,0,0,0,0,0,0,0.5,0.5,0,0.5,0,0,0.5,0,0,0,0,0,0,0
Equisetum hyemale,0,0,0,0,0,0,0,0,0,0,0,0,0,0,0,0,0,0,0,0,0,0,0,0.5,0,0,0,0,0,0,0,0,0,0,0,0,0,0,0,0,0,0,0,0,0,0,0,0,0,0,0,0,0,0,0,0,0,0,0,0,0,0,0,0,0,0,0,0,0,0,0,0,0,0,0,0,0,0,0,0,0,0,0,0,0,0,0,0,0,0,0,0,0,0,0,0,0,0,0,0,0,0,0.5,0,0,0,0,0.5,0,0,0,0,0,0.5,0,0,0
Equisetum pratense,0,0,0,0,0,0,0,0,0,0,0,0,0,0,0,0,0,0,0,0,0,0,0,0,0,0,0,0,0,0,0,0,0,0,0,0,0,0,0,0,0,0,0,0,0,0,0,0,0,0,0,0,0,0,0,0,0,0,0,0,0,0,0,0,0,0,0,0,0,0,0,0,0,0,0,0,0,0,0,0,0,0,0,0,0,0,0,0,0,0,0,0,0.5,0,0,0,0,0,0,0,0,0,0,0,0,0,0,0,0,0,0,0,0,0,0,0,0
Equisetum sylvestre,0,0,0,0,0,0,0,0,0,0,0,0,0,0,0,0.5,0,0,0,0,0,0,0,0,0,0,0,0,0,0,0,0,0,0,0,0,0,0,0,0,0,0,0,0,0,0,0,0,0,0,0,0,0,0,0,0,0,0,0,0,0,0,0,0,0,0,0,0,0,0,0,0,0,0,0,0,0,0,0,0,0,0,0,0,0,0,0,0,0,0,0,0,0,0,0,0,0,0,0,0,0,0,0,0,0,0,0,0,0,0,0,0,0,0,0,0,0
Euonymus europaeus,0.5,0,0,0,0.5,0,0,0,0.5,0.5,0,0.5,0.5,0,0.5,0.5,0.5,0,0.5,0.5,0.5,0.5,0,0.5,0.5,0,0.5,0.5,0.5,0,0,0.5,0.5,0,0,0,0.5,0,0.5,0.5,0.5,0,0,0,0,0,0,0,0,0,0,0,0.5,0.5,0.5,0.5,0,0.5,0.5,0.5,0.5,0.5,0.5,0,2,0.5,0,0.5,0.5,0.5,0.5,0.5,0.5,0.5,0,0,0.5,0.5,0,0.5,0,0,0,0.5,0.5,0,0,0,0,0.5,0.5,0.5,0,0,0,0,0.5,0,0,0.5,0.5,0,0.5,0.5,0.5,0,0,0,0.5,0.5,0.5,0,0.5,0.5,4,0,0
Eupatoria cannabinum,0.5,0,0,0,0,0,0,0,0,0,0,0,0,0,0,0,0,0,0,0,0,0,0,0,0,0,0,0,0.5,0,0,0,0,0,0,0,0,0,0,0,0,0,0,0,0,0,0,0,0,0,0,0,0,0,0,0,0,0,0,0,0,0,0,0,0,0.5,0,0,0,0,0,0,0,0,0,0,0,0,0,0,0,0,0,0,0,0,0,0,0,0,0,0,0,0,0,0,0,0,0,0,0,0,0,0,0,0,0.5,0,0,0,0,0,0,0,0,0,0
Euphorbia cyparissias,0,0,0,0.5,0.5,0,0,0,0,0,0,0,0,0,0,0,0,0,0,0,0,0,0,0,0,0,0,0,0,0,0,0,0,0,0,0,0,0,0,0,0,0,0,0,0,0,0,0,0,0,0,0,0,0,0,0,0.5,0,0,0,0,0,0,0,0,0,0,0,0,0,0,0,0,0,0,0,0,0,0,0,0,0,0,0,0,0,0,0,0,0,0,0,0,0,0,0,0,0,0,0,0,0,0,0,0,0,0,0,0,0,0,0,0,0,0,0,0
Euphorbia verrucosa,0,0,0,0.5,0,0,0,0,0,0,0,0,0,0,0,0,0,0,0,0,0,0,0,0,0,0,0,0,0,0,0,0,0,0,0,0,0,0,0,0,0,0,0,0,0,0,0,0,0,0,0,0,0,0,0,0,0,0,0,0,0,0,0,0,0,0,0,0,0,0,0,0,0,0,0,0,0,0,0,0,0,0,0,0,0,0,0,0,0,0,0,0,0,0,0,0,0,0,0,0,0,0,0,0,0,0,0,0,0,0,0,0,0,0,0,0,0
Eurhynchium striatum,4,2,0,0,0,0,2,0,0,0,0,0,0,10,0,0,10,0,10,0,0,2,0,2,0,0,0,10,0,0,2,0,10,0,0,0,2,2,0,4,0,0,0,0,2,0,0,10,0,0,0,0,0,2,10,0,30,0,30,0,0,0,0,10,10,2,10,20,10,0,30,0,0,0,0,0,2,20,0,0,0,10,0,4,0,0,0,0,10,0,0,0,0,0,0,0,0,0,0,0,0,2,0,0,10,2,0,0,0,4,0,0,2,4,4,0,0
Eurhynchium swartzii,4,0,0,0,0,4,0.5,10,0.5,0,0,4,0,10,4,10,10,2,10,4,4,0,2,2,10,2,10,10,0,10,0,2,0,0,0,20,2,0.5,0,0,4,2,0,0,0,4,0,0,4,4,2,0,4,2,10,0,0,0,0,0,2,10,10,4,0,0,10,0,10,0,20,10,4,0.5,10,10,2,20,2,10,0,4,2,0,0,2,10,4,0,20,4,2,0,0,0,0,2,0,4,4,0,2,4,0,10,0.5,0,4,2,4,10,30,2,4,4,0.5,0
Fagus sylvatica,0,0,0.5,0.5,0,0,0,0,0,0,0,0,0,0,0,0,0,0,0,0,0,0,0,0,0,0,0,0,0,0,0,0,0,0,0,0,0,0,0,0,0,0,0,0,0,0,0,0,0,0,0,0.5,0,0,0,0,0,0,0,0,0,0,0,0,0,0,0,0,0,0,0,0,0,0,0,0,0,0,0,0,0,0,0,0,0,0,0,0,0,0,0,0,0,0,0.5,0,0,0,0,0,0,0,0,0,0,0,0,0,0,0,0,0,0,0,0,0,0
Festuca gigantea,0.5,0.5,0,0,0,0,0,0,0.5,0,0,0,0,0,0,0,0,0,0,0,0,0,0,0,0,0,0,0,0,0,0,0,0,0,0,0,0,0,0,0,0.5,0,0.5,0,0,0,0.5,0,0,0.5,0,0,0,0.5,0,0,0,0,0,0,0,0,0,0.5,0,0,0,0.5,0,0,0,0,0.5,0,0,0,0,0,0,0,0,0,0,0.5,0,0,0,0.5,0,0,0.5,0,0.5,0,0,0,0,0,0.5,0,0,0,0.5,0,0,0,0,0,0,0,0,0,0.5,0,0,0,0
Filipendula ulmaria,0.5,0,0,0,0,0.5,0,0.5,0.5,0,0,0,0,0,0,2,0,0,0,0.5,0.5,0.5,0,0.5,0,0,0,0.5,0,0,0,0,0,0,0,0,0,0,0,0,0,0.5,0,2,0,0,0.5,0,0,0,0,0,0,0.5,0,0,0,0,0,0.5,0,0.5,0.5,0.5,0,0.5,0,0.5,0,0,0,0,0,0,0,0,0,0,0,0,0,0.5,0,0,0,0,0.5,0.5,0,0.5,0,0.5,0,0,0,0.5,0,0,0,0.5,0.5,0.5,0,0.5,0.5,2,0,0.5,0,0.5,0.5,0.5,0,0,0,0.5,0
Fissidens taxifolium,0.5,0,0,0,0,0,0.5,0,0.5,0,0,2,0,2,0,4,4,2,0,0,2,0,0,0,0,2,2,0,0,0,0,2,0,0,0,0,0,0.5,0,0,0,0.5,0,0,0,0,0,0,0,0,0.5,0,0,0,4,0,0,0,0,0,0,0,4,0.5,0,0,0,0,0,0,0,0,0,0,0,0,0,0,0.5,0,0,0,0,0,0,0,0,0,0,0,2,0.5,0,0,0,0,0.5,0,0,0,0,0,0.5,0,0,0.5,0,2,0.5,0,0,0,0,0,0,0,0
Frangula alnus,0.5,2,0.5,0.5,0.5,0,0,0,0,0,0,0.5,0,0,0,0,0,0.5,0,0,0,0.5,0,0,0,0,0,0,0,0.5,0,0.5,0,0,0,0,0,0,0,0.5,0,0,0.5,0,0,0,0,0,0,0,0,0,0,0,0,0,0,0,0,0,0,0,0,0,0,0,0,0,0,0,0,0,0,0.5,0,0,0,0,0,0.5,0,0,0,0.5,0,0,0.5,0,0,0,0,0,0,0.5,0,0,0,0,0,0.5,0,0,0.5,0,0,0.5,0,0.5,0,0,0.5,0,0,0,0,0,0
Fraxinus excelsior,2,0.5,4,2,2,0.5,2,0.5,2,0.5,0.5,0.5,4,0.5,4,0.5,0.5,0.5,0.5,2,10,10,0.5,0.5,0,10,2,0.5,20,0.5,2,0.5,0.5,0.5,2,0.5,0.5,0.5,0,4,2,0.5,0.5,0.5,2,0.5,2,10,2,0.5,4,0.5,2,0.5,0.5,2,0.5,2,0.5,0.5,2,0.5,0.5,0.5,2,2,0.5,0.5,0.5,0.5,4,0.5,0.5,4,2,20,0.5,0,0.5,10,0.5,4,2,0.5,0.5,0.5,0.5,0.5,0.5,0.5,0.5,0.5,0,0.5,0.5,0.5,0.5,2,4,0.5,0.5,2,0.5,0.5,0.5,2,4,0.5,2,0.5,0.5,0.5,0.5,0.5,0.5,0.5,0.5
Gagea lutea,0,0,0,0,0,0,0,0,0,0,0,0,0,0,0,0,0,0,0,0,0,0,0,0,0,0,0,0,0,0,0,0,0,0,0,0,0,0,0,0,0,0,0.5,0,0,0,0,0,0,0,0,0,0,0,0,0,0,0,0,0,0,0,0,0,0,0,0,0,0,0,0,0,0,0,0,0,0,0,0,0,0,0,0,0,0,0,0,0,0,0,0,0,0,0,0,0,0,0,0,0,0,0,0,0,0,0,0,0,0,0,0,0,0,0,0,0,0
Galeopsis pubescens,0,0.5,0,0,0,0,0,0,0,0,0,0,0,0,0,0,0,0,0,0,0,0,0,0,0,0,0,0,0,0,0,0,0,0,0,0,0,0,0,0,0,0,0,0,0,0,0,0,0,0,0,0,0,0,0,0,0,0,0,0,0,0,0,0,0,0,0,0,0,0,0,0,0,0,0,0,0,0,0,0,0,0,0,0,0,0,0,0,0,0,0,0,0,0,0,0,0,0,0,0,0,0,0,0,0,0,0,0,0,0,0,0,0,0,0,0,0
Galeopsis tetrahit,0,0,0,0,0,0,0,0,0,0,0,0,0,0,0,0,0,0.5,0,0,0,0,0,0,0,0,0,0,0,0,0,0,0,0,0,0,0,0,0,0,0,0,0,0,0,0,0,0,0,0,0,0,0,0,0,0,0,0.5,0,0,0,0,0,0,0,0,0,0,0,0,0,0,0,0,0,0,0,0,0,0,0,0,0,0.5,0,0,0,0,0,0,0,0,0,0,0,0,0,0,0,0,0,0,0,0,0,0,0,0,0,0,0,0,0,0,0,0,0
Galium aparine,0.5,0,0,0,0,0,0,0,0,0,0,0,0,0,0,0,0,0,0,0,0,0,0,0,0,0,0,0,0,0,0,0,0,0,0,0,0,0,0,0,0,0,0,0,0,0,0,0,0,0,0,0,0,0,0,0.5,0.5,0,0.5,0,0.5,0,0,0,0,0,0,0,0,0,0,0,0,0,0,0,0,0,0.5,0.5,0.5,0,0.5,0,0,0.5,0,0,0,0,0.5,0,0,0,0,0,0,0,0,0,0,0,0,0,0,0,0.5,0,0,0,0,0,0,0,0,0,0
Galim mollugo agg.,0.5,0.5,0,0.5,0.5,0,0,0,0,0,0,0.5,0,0.5,0,0,0,0,0.5,0,0,0,0,0.5,0,0.5,0,0,0.5,0,0,0.5,0,0,0,0,0,0,0,0,0,0,0,0,0,0,0,0,0,0,0,0.5,0,0,0.5,0.5,0,0,0.5,0,0.5,0,0,0,0.5,0.5,0.5,0,0,0.5,0.5,0,0,0,0,0,0,0,0,0,0,0.5,0,0,0,0.5,0.5,0,0.5,0,0.5,0,0,0,0,0,0,0,0,0.5,0,0,0,0.5,0,0,0,0,0,0,0.5,0.5,0.5,0.5,0,0,0
Galium odoratum,0,0,0,0,0,0,0,0,0,0,0,0,0,0,0,0,0,0,0,0,0,0,0,0,0,0,0,0,0,0,0,0,0,0,0,0,0,0,0,0,0,0,0,0,0,0,0,0,0,0,0,0,0,0,0,0,0,0,0,0,0,0,0,0,0,0,0,0,0,0,0,0,0,0,0,0,0,0,0,0,0,0,0,0,0,0,0,0,0,0,0,0,0,0,0,0,0,0,0,0.5,0,0,0,0,0,0,0,0,0,0,0,0,0,0,0,0,0
Galium palustre,0,0,0,0,0,0,0,0,0,0,0,0,0,0,0,0,0,0,0,0,0,0,0,0,0,0,0,0,0,0,0,0,0,0,0,0,0,0,0,0,0,0,0,0,0,0,0,0,0,0,0,0,0,0,0,0,0,0,0,0,0,0,0,0,0,0,0,0,0,0,0,0,0,0,0,0,0,0,0,0,0,0,0,0,0,0,0,0,0,0,0,0,4,0.5,0,0,0,0,0,0,0,0,0,0,0,0,0,0,0,0,0,0,0,0,0,0,0
Galium sylvaticum,0,0,0,0,0,0,0,0,0,0,0,0,0,0,0,0,0,0,0,0,0,0,0,0,0,0,0,0,0,0,0,0,0,0,0,0,0,0,0,0,0,0,0,0,0,0,0,0,0,0,0,0,0,0,0,0.5,0,0,0,0,0,0,0,0,0,0,0,0,0,0,0,0,0,0,0,0,0,0,0,0,0,0,0,0,0,0,0,0,0,0,0,0,0,0,0,0,0,0,0,0,0,0,0,0,0,0,0,0,0,0,0,0,0,0,0,0,0
Geranium robertianum,0,0.5,0,0,0,0,0,0,0,0,0,0,0,0,0,0,0,0,0,0,0,0,0,0,0,0,0,0,0,0,0,0,0,0,0,0,0,0,0,0,0,0,0,0,0,0,0,0,0,0,0,0,0,0,0,0,0,0,0,0,0.5,0,0,0,0,0,0,0,0,0,0,0,0,0,0,0,0,0,0,0,0,0,0,0,0,0,0,0,0,0,0,0,0,0,0,0,0,0,0,0,0,0,0,0,0,0,0,0,0,0,0,0,0,0,0,0,0
Geum urbanum,0,0.5,0,0,0,0.5,0,0,0,0,0.5,0,0.5,0,0,0.5,0,0,0,0,0,0,0,0,0,0,0,0,0,0,0,0,0,0,0,0,0,0,0,0,0,0,0.5,4,0,0,0,0,0.5,0,0.5,0,0,0,0,0.5,0,0,0.5,0.5,0.5,0.5,0,0.5,0.5,0,0.5,0.5,0,0.5,0,0,0.5,0.5,0,0,0,0,0.5,0,0.5,0.5,0.5,0.5,0,0.5,0,0,0,0,0,0.5,0,0,0,0,0,0,0,0.5,0.5,0,0.5,0,0,0.5,0.5,0,0,0,0,0,0,0,0,0,0
Glechoma hederacea,0.5,0.5,0,0,0,0,0,0,0.5,0.5,0.5,0.5,4,0.5,2,0.5,0.5,0.5,0.5,0.5,2,0.5,0.5,0.5,0.5,0.5,0,0.5,0,0.5,2,0,0,0,0.5,2,2,0.5,30,0.5,0.5,4,2,0.5,0.5,2,2,0.5,0.5,0.5,0.5,0,0.5,2,0.5,0,0.5,0.5,0.5,0.5,0.5,4,0.5,0.5,0.5,0.5,4,0.5,0.5,4,0,2,10,0.5,4,4,4,4,2,0.5,2,10,0.5,4,0,2,2,0.5,2,0.5,0.5,2,0,0,0,0.5,0.5,0.5,0.5,2,0.5,2,0,0.5,0,0.5,4,0.5,0,0.5,0.5,0.5,0.5,0.5,0.5,0.5,0
Glyceria maxima,0,0,0,0,0,0,0,0,0,0,0,0,0,0,0,0,0,0,0,0,0,0,0,0,0,0,0,0,0,0,0,0,0,0,0,0,0,0,0,0,0,0,0,0,0,0,0,0,0,0,0,0,0,0,0,0,0,0,0,0,0,0,0,0,0,0,0,0,0,0,0,0,0,0,0,0,0,0,0,0,0,0,0,0,0,0,0,0,0,0,0,0,0,2,0,0,0,0,0,0,0,0,0,0,0,0,0,0,0,0,0,0,0,0,0,0,0.5
Humulus lupulus,0,0,0,0,0,0,0,0,0,0,0,0,0,0,0.5,0,0,0,0,0.5,0,0,0,0.5,0,0,0,0,0,0.5,0,0,0,0,0,0,0,0,0,0,0,0,0,0.5,0,0,0,0,0,0,0,0,0,0,0,0,0,0,0,0,0,0,0,0,0.5,0,0,0,0,0,0,0,0,0,0,0,0,0,0.5,2,0,0.5,0,0,0,0.5,0.5,0.5,0,0,0,0,0,0,0,0.5,2,0,0,0,0,0,0,0.5,0.5,0,0,0,0,0,0,0,0,0,0,0.5,0
Hylocomnium splendens,0,0,0,0,0,0,0,0,0,0,0,0,0,0,0,0,0,0,0,0,0,0,0,0,0,0,0,0,0,0,0,0,0,0,0,0,0,0,0,0,0,0,0,0,0,0,0,0,0,0,0,0,0,0,0,0,4,0,0,0,0,0,0,0,0,0,0,0,0,0,0,0,0,0,0,0,0,0,0,0,0,0,0,0,0,0,0,0,0,0,0,0,0,0,0,0,0,0,0,0,0,0,0,0,0,0,0,0,0,0,0,0,0,0,0,0,0
Hypericum hirsutum,0.5,0.5,0,0,0.5,0,0.5,0,0,0,0,0,0,0,0,0,0,0.5,0.5,0,0,0.5,0,0.5,0,0,0.5,0.5,0,0.5,0,0.5,0.5,0.5,0,0,0.5,0.5,0,0.5,0,0.5,0,0,0.5,0.5,0,0,0,0,0,0.5,0.5,0.5,0.5,0,0.5,0.5,0.5,0,0.5,0,0,0,0.5,0.5,0.5,0.5,0.5,0,0,0,0,0,0,0,0,0,0,0,0,0,0,0.5,0,0.5,0.5,0,0,0,0,0,0,0,0,0,0.5,0,0.5,0.5,0.5,0,0,0.5,0,0,0.5,0,0,0,0,0,0.5,0,0,0,0
Hypericum perforatum,0,0,0,0,0,0,0,0,0,0,0,0,0,0,0,0,0,0,0,0,0,0,0,0,0,0,0,0,0,0,0,0,0,0,0,0,0,0,0,0,0,0,0,0,0,0,0,0,0,0,0,0,0,0,0,0,0,0,0.5,0,0,0,0,0,0,0,0,0,0,0,0,0,0,0,0,0,0,0,0,0,0.5,0,0,0,0,0,0,0,0,0,0,0,0,0,0,0,0,0,0,0,0,0,0,0,0,0,0,0,0,0,0,0,0,0,0,0,0
Impatiens glandulifera,0,0,0,0,0,0,0,0,0.5,0,0,0,0,0,0,0,0,0.5,0,0,0,0,0,0,0,0,0,0,0,0,0,0,0,0,0,0,0,0,0,0,0,0,0,0,0,0,0,0,0,0,0,0,0,0,0,0,0,0,0,0,0,0,0,0,0,0,0,0,0,0,0,0,0,0,0,0,0,0,0.5,0,0.5,0,0.5,0.5,0,0,0,0,0,0,0,0,0,0.5,0,0,0,0,0,0,0,0,0,0,0,0.5,0,0,0,0,0,0,0.5,0,0,0,0
Impatiens noli-tangere,0,0,0,0,0,0,0,0,0.5,0,0,0,0,0,0,0,0.5,0,0,0,0,0,0.5,0,0,0,0,0,0,0,0,0,0,0,0,0,0,0,0,0,0,0,0,0,0,0,0,0,0,0,0,0,0,0,0,0,0,0.5,0,0,0.5,0.5,0,0,0,0,0,0,0,0,0,0,0,0,0,0,0.5,0,10,2,2,2,2,0.5,0,0,0,0.5,0,0,0,0,0,0,0,0,0.5,0,0,0,0,0,0,0,0,0,0,0,0,0,0,0,0,0,0,0,0.5
Impatiens parviflora,0,0,0,0,0,0,0,0,0.5,0,0,0,0,0.5,0,0,0.5,0.5,0,0,0,0,0,0,0.5,0,0,0,0,0,0,0,0,0,0,0,0,0,0,0.5,0.5,0,0,0,0,0,0.5,0,0,0,0,0,0,0.5,0,0,0,2,0.5,0.5,0.5,0.5,0.5,0.5,0.5,0,0.5,0,0.5,0.5,0.5,0.5,0,0,0,0,0,0,2,0.5,2,0,2,2,0,2,0,0.5,0,0,0.5,0,0,0,0.5,0,0.5,0,0,0,0.5,0,0,0,0,0,0,0,0,0,0,0,0,0,0,0,0
Iris pseudacorus,0,0,0,0,0,0,0,0,0.5,0,0,0,0,0,0.5,0,0,0,0,0,0,0,0,0,0,0,0,0,0,0,0,0,0,0,0,0,0,0,0,0,0,0,0,0,0,0,0,0,0,0,0,0,0,0,0,0,0,0,0,0,0,0,0,0,0,0,0,0,0,0,0,0,0,0,0,0,0,0,0,0.5,0,0.5,0,0,0,0,0,0,0,0,0,0.5,2,4,0,0.5,0,0,0,0,0,0.5,0,0.5,0,0.5,0,0.5,0,0.5,0.5,0,0,0,0,0,0
Juniperus communis,0,0,0,0,0,0,0,0,0,0,0,0,0,0,0,0,0,0,0,0,0,0,0,0,0,0,0,0,0,0,0,0,0,0,0,0,0,0,0,0,0,0,0,0,0,0,0,0,0,0,0,0,0,0,0,0,0,0.5,0,0,0,0,0,0,0,0,0,0,0,0,0,0,0,0,0,0,0,0,0,0,0,0,0,0,0,0,0,0,0,0,0,0,0,0,0,0,0,0,0,0,0,0,0,0,0,0,0,0,0,0,0,0,0,0,0,0,0
Lamium galeobdolon agg.,0,0,0,0,0,0,0,0,0,0,0,0,0,0,0.5,0.5,0.5,0.5,0,0,0.5,0,0,0.5,0.5,0.5,0,0.5,0,0,0,0,0,0,0,0,0,0,0,0,0,0,0,0,0,0,0,0,0,0,0,0,0,0,0,0,0,0,0,0,0,0,0,0,0,0,0,0,0,0,0,0,0,0,0,0,0,0,0,0,0,0,0,0,0,0,0,0,0,0,0,0,0,0,0,0,0,0,0,0,0,0,0,0,0,0,0,0,0,0,0,0,0,0,0,0,0
Lamium galeobdolon,0,0,0,0,0,0,0,0,0,0,0,0,0.5,0,0,0,0,0,0,0,0,0,0,0,0,0,0,0,0,0,0,0,0,0.5,0,0,0,0,0,0,0,0,0,0,0,0,0,0,0.5,0.5,0,0,0,0,0,0,0,0,0,0,0,0,0,0,0,0,0,0,0,0,0,0,0,0,0,0,0,0,0,0,0,0,0,0,0,0,0,0,0,0,0,0,0,0,0,0,0,0,0.5,0,0,0,0,0,0,0,0,0,0,0,0,0,0,0,0,0,0
Lamium maculatum,0,0,0,0,0,0,0,0,0,0,0,0,0,0,0,0,0,0,0,0,0,0,0,0,0,0,0,0,0,0,0,0,0,0,0,0.5,0,0,0,0,0.5,0,0,0.5,0,0,0,0,0,0,0,0,0,0,0,0,0,0,0,0.5,2,0,0,0,0,0,0,0,0,0,0,0.5,0.5,0,0.5,0,0,0,2,0.5,0,0,2,0,0,0.5,0,0.5,0.5,0,0,0,0,0,0,0.5,0.5,0,0,0,0,0,0,0,0,0,0.5,0,0,0,0,0,0,0,0,0,0
Lamium montanum,0,0,0,0,0,0,0.5,0,0,0,0,0.5,0.5,0,2,2,0,0.5,0,0.5,2,0.5,0,0.5,2,0.5,0.5,4,0,2,0.5,0,0.5,0,0.5,2,0.5,0,2,0,2,2,0.5,0.5,0,4,4,0.5,0.5,4,0,0.5,2,0,0.5,0,0,0,0,0.5,0.5,0,0,0,0.5,0.5,0.5,0,0,0,0,4,10,0,0.5,2,10,0.5,4,0.5,2,0.5,2,0,0,0.5,0,4,0,0,0,0,0,0,0,0.5,10,0,4,0,0.5,0,0,0,0,0,4,0,0,0,0,0,0,0,0,0,0
Lamium purpureum,0,0,0,0,0,0,0,0,0,0,0,0,0,0,0,0,0,0,0,0,0,0,0,0,0,0,0,0,0,0,0,0,0,0,0,0,0,0,0,0,0,0,0,0,0,0,0,0,0,0,0,0,0,0,0,0,0,0,0,0,0,0,0,0,0,0,0,0,0,0,0,0,0,0,0,0,0,0,0,0,4,0,0,0,0,0,0,0,0,0,0,0,0,0,0,0,0,0,0,0,0,0,0,0,0,0,0,0,0,0,0,0,0,0,0,0,0
Lathyrus pratensis,0,0,0,0,0.5,0,0,0,0,0,0,0,0,0,0,0,0,0,0,0,0,0,0,0,0,0,0,0,0,0,0,0,0,0,0,0,0,0,0,0,0,0,0,0,0,0,0,0,0,0,0,0,0,0,0,0,0,0,0,0,0,0,0,0,0,0,0,0,0,0,0,0,0,0,0,0,0,0,0,0,0,0,0,0,0,0,0,0,0,0,0,0,0,0,0,0,0,0,0,0,0,0.5,0,0,0,0,0,0,0,0,0,0,0,0,0,0,0
Lathraea squamaria,0,0,0,0,0,0,0,0,0,0,0,0,0,0,0,0,0,0,0,0,0,0,0,0,0,0,0,0,0,0,0,0,0,0,0,0,0,0,0,0,0.5,0,0.5,0,0,0,0,0,0,0,0,0,0,0,0,0,0,0,0,0,0,0,0,0,0,0,0,0,0,0,0,0,0,0,0,0,0,0,0,0,0,0,0,0,0,0,0,0,0,0,0,0,0,0,0,0,0,0,0,0,0,0,0,0,0,0,0.5,0,0,0,0,0,0,0,0,0,0
Leucojum vernum,0,0,0,0,0,0,0.5,0,0,0,0,0,0,0,0,0,0,0,0,0,0,0,0,0,0,0,0,0,0,0,0,0,0,0,0,0,0,0,0,0,0,0,0,0,0,0,0,0,0,0,0,0.5,0,0,0,0,0,0,0,0,0,0,0,0,0,0,0,0,0,0,0,0,20,0,2,0,10,0,0,0,0,0,0,0,0,0,0,0,0,0,0,0,0,0,0,0,0,0.5,0,0,0,0,0,0,0,0,0,0,0,0,0,0,0,0,0,0,0
Ligustrum vulgare,4,0,0,0,4,0,0.5,4,0,0.5,0,10,0,0.5,0,0,0.5,4,20,0.5,0.5,0.5,2,0,0,0.5,0.5,0,0.5,0.5,0.5,0.5,0,10,0,0,0.5,4,0,0.5,0.5,0,0,2,10,0.5,2,4,0,0,0,4,2,0.5,50,10,2,4,40,0,0.5,2,0.5,0.5,2,10,10,0.5,2,10,30,0,0,0,0,0,0,0,0,0,0,0.5,0,10,0,2,0,2,10,0.5,4,0,0.5,0,0,0,0.5,0,0,10,0,0.5,0.5,0.5,0.5,4,0,2,0.5,0.5,0.5,4,2,20,0,0,0
Lilium martagon,0,0,0,0,0,0,0,0,0,0,0,0,0,0,0,0.5,0,0,0,0,0,0,0,0,0,0,0,0,0,0,0,0,0,0,0,0,0,0,0,0,0,0,0,0,0,0,0,0,0,0,0,0,0,0,0,0,0,0,0,0,0,0,0,0,0,0,0,0,0,0,0,0,0,0,0,0,0,0,0,0,0,0,0,0,0,0,0,0,0,0,0,0,0,0,0,0,0,0,0,0,0,0,0,0,0,0,0,0,0,0,0,0,0,0,0,0,0
Listera ovata,0,0,0,0,0,0.5,0.5,0.5,0,0,0,0.5,0,0.5,0,0,0,0,0.5,0,0,0,0.5,0.5,0.5,0,0,0.5,0,0.5,0,0,0,0.5,0.5,0,0,0.5,0.5,0,0.5,0.5,0,0,0,0,0.5,0,0,0.5,0,0,0,0.5,0,0,0,0,0.5,0,0,0,0,0,0,0.5,0.5,0,0.5,0,0,0.5,0,0,0,0,0,0,0,0,0,0,0,0,0,0,0.5,0.5,0.5,0,0,0,0,0,0.5,0.5,0,0,0,0,0,0,0,0,0.5,0,0,0,0,0,0,0,0,0,0,0,0
Lithospermum officinale,0,0,0,0,0,0,0,0,0,0,0,0,0,0,0,0,0,0,0,0,0,0,0,0,0,0,0,0,0,0,0,0,0,0,0,0,0,0,0,0,0,0,0,0,0,0,0,0,0,0,0,0,0,0,0,0.5,0,0,0,0,0,0,0,0,0,0,0,0,0,0,0,0,0,0,0,0,0,0,0,0,0,0,0,0,0,0,0,0,0,0,0,0,0,0,0,0,0,0,0,0,0,0,0,0,0,0,0,0,0,0,0,0,0,0,0,0,0
Lonicera nigra,0,0,0,0,0,0,0,0,0,0,0,0,0,0,0,0,0,0,0,0,0,0,0,0,0,0,0,0,0,0,0,0,0,0,0,0,0,0,0,2,0,0,0,0,0,0,0,0,0,0,0,0,0,0,0,0,0,0,0,0,0,0,0,0,0,0,0,0,0,0,0,0,0,0,0,0,0,0,0,0,0,0,0,0,0,0,0,0,0,0,0,0,0,0,0,0,0,0,0,0,0,0,0,0,0,0,0,0,0,0,0,0,0,0,0,0,0
Lonicera xylosteum,10,0,0.5,2,4,2,0.5,4,0,0.5,0.5,4,0,0.5,0.5,0.5,0.5,2,10,2,0.5,4,4,2,4,0.5,2,20,4,2,20,4,0.5,0.5,0.5,2,2,2,2,2,0,0.5,2,0.5,2,10,2,20,0,2,0,0.5,0.5,10,2,2,2,4,10,0.5,0.5,0.5,2,0.5,10,4,20,30,20,4,10,4,0,0.5,0,0.5,0.5,0,0,2,2,0,0,0.5,0,2,4,4,10,0.5,10,2,0,0,0.5,2,0.5,10,4,0.5,0.5,0,0,0,0,0.5,2,0,0,4,2,4,2,0.5,0,0,0
Lycopus europaeus,0,0,0,0,0,0,0,0,0,0,0,0,0,0,0,0,0,0,0,0,0,0,0,0,0,0,0,0,0,0,0,0,0,0,0,0,0,0,0,0,0,0,0,0,0,0,0,0,0,0,0,0,0,0,0,0,0,0,0,0,0,0,0,0,0,0,0,0,0,0,0,0,0,0,0,0,0,0,0,0,0,0,0,0.5,0,0,0,0,0,0,0,0,0,0.5,0,0,0,0,0,0,0,0,0,0.5,0,0,0,0,0,0,0,0,0,0,0,0,0
Lysimachia nummularium,0.5,0,0,0,0,0,0,0,0,0,0,0,0,0,0,0,0,0,0,0,0,0,0,0,0,0,0,0,0,0.5,0,0,0,0,0,0,0,0,0,0.5,0,0,0.5,0,0,0,0,0,0,0,0,0,0,0,0,0,0,0,0.5,0,0.5,0,0,0,0,0,0.5,0.5,0,0,0,0,0,0,0,0,0,0,0,0,0,0,0,0.5,0,0,0,0.5,0,0.5,0,0,10,10,0,0,0,0,0,0,0,0,0,0,0,0.5,0,0,0,0,0,0,0,0,0,0,0
Lysimachia vulgaris,0,0.5,0,0,0,0,0,0,0.5,0,0,0.5,0,0,0,0,0,0,0,0,0,0,0,0,0,0,0,0,0,0,0,0,0,0,0,0,0,0,0,0,0,0,0,0,0,0,0,0,0,0,0,0,0,0,0,0,0,0,0,0,0,0,0,0,0,0,0,0,0,0,0,0,0,0,0,0,0,0,0,0,0,0.5,0,0.5,0,0,0,0,0,0,0,0,2,0.5,0,0,0,0,0,0,0,0,0,0,0.5,0,0,0.5,0,0,0,0,0,0,0.5,0.5,2
Lythrum salicaria,0,0,0,0,0,0,0,0,0,0,0,0,0,0,0,0,0,0,0,0,0,0,0,0,0,0,0,0,0,0,0,0,0,0,0,0,0,0,0,0,0,0,0,0,0,0,0,0,0,0,0,0,0,0,0,0,0,0,0,0,0,0,0,0,0,0,0,0,0,0,0,0,0,0,0,0,0,0,0,0,0,0,0,0,0,0,0,0,0,0,0,0,0,0.5,0,0,0,0,0,0,0,0,0,0,0.5,0,0,0,0,0,0,0,0,0,0,0,0.5
Maianthemum bifolium,0,0,0,0,0,0.5,2,0,0,0,0,0.5,0,0,0,0,0,0,0,0,0,0,0.5,0,0,0,0.5,0,0,0.5,0,0,0.5,0,0,0,0,0,0,0,0,0,0,0,0,0,0.5,0,0,0,0,0,0,0,0,0,0,0,0,0,0,0,0,0,0,0,0,0,0,0,0,0,0,0,0,0,0,0,0,0,0,0,0,0,0,0,0,0,0,0,0,0,0,0,0.5,0,0,0,0,0.5,0.5,0,0,0,0,0,0,0,0,0,0,0,0,0,0,0,0
Melica nutans,0,0,0,0.5,0.5,0,0,0,0,0,0,0,0,0,0,0,0,0,0.5,0,0,0,0,0,0,0,0,0,0,0,0,0.5,0,0,0,0,0,0,0,0,0,0,0,0,0,0,0,0,0,0,0,0,0,0,0.5,0,0,0,0,0,0,0,0,0,0.5,0,0.5,0,0,0,0,0,0,0,0,0,0,0,0,0,0,0,0,0,0,0,0,0,0,0,0.5,0,0,0,0,0,0,0,0.5,0,0,0,0,0,0,0,0,0,0,0,0,0,0,0,0,0,0
Mentha aquatica,0,0,0,0,0,0,0,0,0,0,0,0,0,0,0,0,0,0,0,0,0,0,0,0,0,0,0,0,0,0,0,0,0,0,0,0,0,0,0,0,0,0,0,0,0,0,0,0,0,0,0,0,0,0,0,0,0,0,0,0,0,0,0,0,0,0,0,0,0,0,0,0,0,0,0,0,0,0,0,0,0,0,0,0,0,0,0,0,0,0,0,0,2,0.5,0,0,0,0,0,0,0,0,0,0,0,0,0,0,0,0,0,0,0,0,0,0,0
Mentha x verticilliata,0,0,0,0,0,0,0,0,0,0,0,0,0,0,0,0,0,0,0,0,0,0,0,0,0,0,0,0,0,0.5,0,0,0,0,0,0,0,0,0,0,0,0,0,0,0,0,0,0,0,0,0,0,0,0,0,0,0,0,0,0,0,0,0,0,0,0,0,0,0,0,0,0,0,0,0,0,0,0,0,0,0,0,0,0,0,0,0,0,0,0,0,0,0,0,0,0,0,0,0,0,0,0,0,0,0,0,0,0,0,0,0,0,0,0,0,0,0
Mercurialis perennis,0,0,0,0,0.5,2,0,0,0,0,0,0,0,0,0,0,2,0,0,0,0,0,0,0,0,0,0,0,0,0,0,0,0,0,0,0,0,0,0,0,0,0,0,0,0,0,0,0,0,0,0,0,0,0,0,0,0,0,0,0,0,0,0,0,0,0,0,0,0,0,0,0,0,0,0,0,0,0,0,0,0,0,0,0,0,0,0,0,4,0,0,0,0,0,0.5,0,0,4,2,4,0,0,0,0,0,0,0,0,0,0,0,0,0,0,0,0,0
Molinia arundinacea,0,0,0,0,0.5,0,0,0,0,0,0,0,0,0,0,0,0,0,0,0,0,0,0,0,0,0,0,0,0,0,0,0,0,0,0,0,0,0,0,0,0,0,0,0,0,0,0,0,0,0,0,0,0,0,0,0,0,0.5,0,0,0,0,0,0,0,0,0,0,0,0,0,0,0,0,0,0,0,0,0,0,0,0,0,0,0,0,0,0,0,0,0,0,0,0,0,0,0,0,0,0,0,0,0,0,0,0,0,0,0,0,0,0,0,0,0,0,0
Myosotis palustris,0,0,0,0,0,0,0,0,0,0,0,0,0,0,0,0,0,0,0,0,0,0,0,0,0,0,0,0,0,0,0,0,0,0,0,0,0,0,0,0,0,0,0,0,0,0,0,0,0,0,0,0,0,0,0,0,0,0,0,0,0,0,0,0,0,0,0,0,0,0,0,0,0,0,0,0,0,0,0,0,0,0,0,0,0,0,0,0,0,0,0,0,0.5,0,0,0,0,0,0,0,0,0,0,0,0,0,0,0,0,0,0,0,0,0,0,0,0
Nasturtium officinale,0,0,0,0,0,0,0,0,0,0,0,0,0,0,0,0,0,0,0,0,0,0,0,0,0,0,0,0,0,0,0,0,0,0,0,0,0,0,0,0,0,0,0,0,0,0,0,0,0,0,0,0,0,0,0,0,0,0,0,0,0,0,0,0,0,0,0,0,0,0,0,0,0,0,0,0,0,0,0,0,0,0,0,0,0,0,0,0,0,0,0,0,0,0.5,0,0,0,0,0,0,0,0,0,0,0,0,0,0,0,0,0,0,0,0,0,0,0
Origanum vulagre,0,0,0,0,0,0,0,0,0,0,0,0,0,0,0,0,0,0,0,0,0,0,0,0,0,0,0,0,0,0,0,0,0,0,0,0,0,0,0,0,0,0,0,0,0,0,0,0,0,0,0,0,0,0,0,0,0.5,0,0,0,0,0,0,0,0,0,0,0,0,0,0,0,0,0,0,0,0,0,0,0,0,0,0,0,0,0,0,0,0,0,0,0,0,0,0,0,0,0,0,0,0,0,0,0,0,0,0,0,0,0,0,0,0,0,0,0,0
Paris quadrifolia,0.5,0,0,0,0.5,0.5,2,0.5,0,0.5,0.5,0.5,0,0.5,0,0.5,0.5,0.5,2,0.5,0.5,0.5,4,2,0.5,0.5,0.5,0.5,0.5,2,0.5,0.5,0.5,0.5,0.5,0.5,0.5,0.5,0.5,0.5,0.5,0.5,0,0.5,0.5,0.5,0.5,0.5,0.5,0.5,0,0.5,0.5,0.5,0.5,0.5,2,0.5,0.5,0,0.5,0.5,0.5,0,0.5,0.5,0.5,0.5,0.5,0.5,0.5,0.5,0,0.5,0,0.5,0,0,0,0.5,0,0,0,0,0.5,0.5,0.5,0.5,0.5,0.5,0.5,0.5,0,0,0.5,0.5,0.5,0.5,0.5,0.5,0.5,0,0,0,0,0,0.5,0.5,0.5,0.5,0,0.5,0.5,0.5,0,0,0
Petasites hybridus,0,0,0,0,0,0,0,0,0.5,0,0,0,0,0.5,0,0,0,0,0,0.5,0,0,0,0,0,0,0,0,0,0,0,0,0,0,0,0,0,0,0,0,0,0,0,0,0,0,0,0,0,0,0,0,0,0,0,0,0,0,0,0,0,0,0,0,0,0,0,0,0,0,0,0,0,0,0,0,0,0,0,0,0,0,0,0,0,0,0,0,0,0,0,0,0,0,0,0,0,0,0,0,0,0,0,0,0,0,0,0,0,0,0,0,0,0,0,0,0
Phalaris arundinacea,0,2,0,0,0,0,0,0,10,0,0.5,0.5,0,0,0,0.5,0,0,0,0,0,0,0,0.5,0,0,0,0,0,0,0,0,0,0,0,0,0,0,0,0,0,0,0,0,0,0,0,0,0,0,0.5,0,0,0,0,0,0,0,0,0,0,0.5,0,0,0,0,0,0,0,0,0,0,0,0,0,0,0,0,0,0.5,0,0,0.5,0,0,0.5,0,0,0,0.5,0,0.5,4,0.5,0,0,0,0,0,0,0,0.5,0,0.5,0,0.5,0,0.5,0,0.5,0,0.5,0,0.5,0.5,0.5,2
Phragmites australis,0,0,0,0,0,0,0,0,0,0,0,0,0,0,0,0,0,0,0,0,0,0,0,0,0,0,0,0,0,0,0,0,0,0,0,0,0,0,0,0.5,0,0,0,0,0,0,0,0,0,0,0,0,0,0,0,0,0,0,0,0,0,0,0,0,0,0,0,0,0,0,0,0,0,0,0,0,0,0,0,0,2,0.5,0,0,0,0,0,0,0,0,0,0,0.5,0.5,0,0,0,0,0,0,0,0,0,0,2,0,0,0.5,0,0,0,0,0,0,0.5,4,4
Picea abies,0.5,0,0,0,0,0,0,0,0,0,0,0,0,0,0,0,0,0,0,0,0,0,0,0,0,0,0,0,0,0,0,0,0,0,0,0,0,0,0,0,0,0,0,0,0,0,0,0,0,0,0,0,0,0,0,0,0,0,0,0,0,0,0,0,0,0,0,0,0,0,0,0,0,0,0,0,0,0,0,0,0,0,0,0,0,0,0,0,0,0,0,0,0,0,0,0,0,0,0,0,0,0,0,0,0,0,0,0,0,0,0,0,0,0,0,0,0
Pimpinella saxifraga,0,0,0,0,0,0,0,0,0,0,0,0,0,0,0,0,0,0,0,0,0,0,0,0,0,0,0,0,0,0,0,0,0,0,0,0,0,0,0,0,0,0,0,0,0,0,0,0,0,0,0,0,0,0,0.5,0,0,0,0,0,0,0,0,0,0,0,0,0,0,0,0,0,0,0,0,0,0,0,0,0,0,0,0,0,0,0,0,0,0,0,0,0,0,0,0,0,0,0,0,0,0,0,0,0,0,0,0,0,0,0,0,0,0,0,0,0,0
Pinus sylvestris,0,0.5,0,0,0,0,0,0,0,0,0,0,0,0,0,0,0,0,0,0,0,0,0,0,0,0,0,0,0,0,0,0,0,0,0,0,0,0,0,0,0,0,0,0,0,0,0,0,0,0,0,0,0,0,0,0,0,0,0,0,0,0,0,0,0,0,0,0,0,0,0,0,0,0,0,0,0,0,0,0,0,0,0,0,0,0,0,0,0,0,0,0,0,0,0,0,0,0,0,0,0,0,0,0,0,0,0,0,0,0,0,0,0,0,0,0,0
Plagiomnium affine,0,0,0,0,0,0,0,0,0,0,0,0,0,0,0,0,0,0,0,0,0,0,0,0,0,0,0,0,0,0,0,0,0,0,0,0,0,0,0,0,0,0,0,0,0,0,0,0,0,0,0,0,0,0,0,0,0,0,0,0,0,0,0,0.5,0,0,0,0,0,2,0,0,0,0,0,0,0,0,0,0,0,0,0,0,0,0,0,0,0,0,0,0,0,0,0,0,0,0.5,0,0,0,0,0,0,0,0,0,0,0,0,0,0,0,0,0,0,0
Plagiomnium undulatum,2,0.5,0,0,0,0,0.5,2,0.5,0,0,2,0,4,0,2,2,0.5,4,2,2,0.5,0.5,0.5,4,0,0.5,2,0,2,0.5,0,2,0,0,0,0.5,0.5,0,0,0.5,0,0,0,0,0,0,0,0,2,0,0,0.5,0.5,4,0,0,0,4,0,0.5,2,0,2,0,0.5,2,2,2,0,0,4,0.5,0.5,2,2,0.5,4,0.5,0,0,2,0,2,0,0.5,0,0,0,0,0,0.5,0,0,0,0,2,0.5,0,0,0,0,0,0,0,0.5,0,2,0,0,2,0,0,0,0,0,0
Poa nemoralis,0,0,0,0,0,0,0,0,0,0,0,0,0,0,0,0,0,0,0,0,0,0.5,0,0,0,0,0,0,0,0,0,0,0,0,0,0,0,0,0,0,0,0,0,0,0,0,0,0,0,0,0,0,0,0,0,0,0,0,0,0,0,0,0,0,0,0,0,0,0,0,0,0,0,0,0,0,0,0,0,0,0,0,0,0,0,0,0,0,0,0,0,0,0,0,0,0,0,0,0,0,0,0,0,0,0,0,0,0,0,0,0,0,0,0,0,0,0
Polygonatum multiflorum,0,0,0,0,0.5,0,0,0.5,0,0,0,0,0,0.5,0,0,0,0,0,0,0.5,0,0,0,0,0,0,0.5,0.5,0.5,0,0,0,0.5,0,0,0,0,0,0,0,0,0,0,0,0,0.5,0,0,0,0,0.5,0.5,0,0,0.5,0,0,0.5,0,0,0,0,0,0.5,0,0,0.5,0.5,0,0,0.5,0,0,0,0.5,0,0,0,0,0,0,0,0,0,0,0.5,0,0,0,0,0,0,0,0.5,0,0.5,0,0,0,0,0,0,0,0,0,0,0,0,0,0,0,0,0,0,0,0
Polygonatum odoratum,0,0,0,0,0,0,0,0.5,0,0,0.5,0,0,0.5,0,0,0,0,0,0,0,0,0.5,0,0,0,0,0.5,0,0,0,0,0,0.5,0,0,0,0,0,0,0,0,0,0,0,0,0,0,0,0,0,0,0,0,0,0.5,0,0,0,0,0,0,0,0,0,0,0,0,0,0,0,0,0,0,0,0,0,0,0,0,0,0,0,0,0,0,0,0,0,0,0,0,0,0,0,0,0,0,0,0,0,0,0,0,0,0,0,0,0,0,0,0,0,0,0,0,0
Populus alba,0.5,0,0,0,0.5,0,0.5,0,0,0,0,0.5,0,0,0,0,0,0,0,0,0,0,0,0,0,0,0.5,0,0.5,0,0,0.5,0,0,0,0,0,0.5,0,0,0,0,0,0,0,0,0,0,0,0,0,0,0,0,0,0,0,0,0,0,0,0,0,0,0,0,0,0,0,0,0,0,0,0,0,0,0,0,0,0,0,0,0,0,0,0,0.5,0,0,0,0,0,0.5,0,0,0,0,0,0,0.5,0,0,0,0,0,0,0,0.5,0.5,0,0,0,0,0.5,0.5,0,0
Populus balsamifera,0,0,0,0,0,0,0,0,0,0,0,0,0,0,0,0,0,0,0,0,0,0,0,0,0,0,0,0,0,0,0,0,0,0,0.5,0,0,0,0,0,0,0,0,0,0,0,0,0,0,0,0,0,0.5,0,0,0,0,0,0,0,0,0,0,0,0,0,0,0,0,0,0,0,0,0,0,0,0,0,0,0,0,0,0,0,0,0,0,0,0,0,0,0,0.5,2,0,0,0,0,0,0,0,0,0,0,0,0,0,0,0,0,0.5,0,0,0,0,0,0
Populus,0,0,0,0,0,0,0,0,0,0,0,0,0,0,0,0,0,0,0,0,0,0,0,0,0,0,0,0,0,0,0,0,0,0,0,0,0,0,0,0,0,0,0,0,0.5,0,0,0,0.5,0,0,0,0,0,0,0,0,0,0,0,0,0,0,0,0,0,0,0,0,0,0,0,0,0,0,0,0,0,0,0,0,0,0,0,0,0,0,0,0,0,0,0,0,0,0,0,0,0,0,0,0,0,0,0,0,0,0,0,0,0,0,0,0,0,0,0,0
Populus tremula,0,0,0,0,0,0,0,0,0,0,0,0,0,0,0,0,0,0,0,0,0,0,0,0,0,0,0,0,0,0,0,0,0,0,0,0,0,0,0,0,0,0,0,0,0,0,0,0,0,0,0.5,0,0,0,0,0,0,0,0,0,0,0,0,0,0,0,0,0,0,0,0,0,0,0,0,0,0,0,0,0,0,0,0,0,0,0,0,0,0,0,0,0,0,0,0,0,0,0,0,0,0,0,0,0,0,0,0,0,0.5,0,0,0,0,0,0,0,0
Primula elatior,0.5,0,0.5,0.5,0,0.5,2,0.5,0,0.5,0.5,0,0.5,0.5,0.5,0.5,0.5,0,0.5,0.5,0.5,0.5,0.5,0,0.5,0.5,0.5,0.5,0,0.5,0.5,0,0.5,0.5,0.5,0,0.5,0.5,0.5,0.5,0.5,0.5,0.5,0,0.5,0.5,0,0,0.5,0.5,0,0.5,0.5,2,0,0,0,0,0.5,0,0.5,0.5,0.5,0,0.5,0,0,2,0.5,0,0.5,0.5,0.5,0,0.5,0.5,0.5,0.5,0,0,0.5,0,0,0.5,0.5,0,0,0.5,0,0.5,0,0.5,0,0,0.5,0,0.5,0.5,0.5,0.5,2,0,0,0,0,0,0.5,0,0.5,0.5,0.5,0,0.5,0,0,0,0
Prunus avium,0,0,0,0,0,0,0,0,0,0,0,0,0,0,0,0,0,0,0,0,0,0,0,0,0,0,0,0,0.5,0,0,0,0,0,0,0,0,0,0,0,0,0,0,0,0,0,0,0,0,0,0,0,0,0,0,0,0,0,0,0,0,0,0,0,0,0,0,0,0,0,0,0,0,0,0,0,0,0,0,0,0,0,0,0,0,0,0,0,0,0,0,0,0,0,0,0,0,0,0,0,0,0,0,0,0,0,0,0,0,0,0,0,0,0,0,0,0
Prunus padus,0.5,0.5,0,0,0.5,0.5,0.5,2,0.5,0.5,0.5,2,2,0.5,0.5,4,4,4,0.5,0.5,2,0.5,2,0.5,2,0.5,0.5,10,0.5,10,20,2,0.5,0.5,2,10,10,10,4,10,2,4,10,0.5,4,10,0.5,2,4,10,2,2,4,10,0.5,2,0.5,0.5,2,0.5,4,10,2,0.5,10,0.5,0.5,2,0.5,0.5,0,2,0.5,0.5,4,0,0.5,0.5,2,2,4,4,20,0.5,0.5,0.5,2,0.5,4,10,0.5,10,0,0,0.5,4,0.5,0.5,4,0.5,0.5,0.5,0.5,0,2,2,0.5,0,2,0,0,4,0.5,0.5,4,10,0.5
Prunus spinosa,0,0,0,0,0,0.5,0,0,0,0,0,0,0,0.5,0,0.5,0,0,0,0,0,0,0,0,0,0,0,0,0,0,0,0,0,0,0,0,0,0,0,0,0,0.5,0,0,0.5,0,0,0.5,0,0.5,2,0,0,0,0,0.5,0.5,4,0.5,0,0,0,0,0,0,0,0,0,0,0,0,0,0,0,0,0,0,0,0,0,0,0,0,0,0,0,0,0,0,0,0,0,0,0,0,0,0,0,0,0,0,0,0,0,0,0,0,0,0,0,0,0,0,0,4,40,10
Prunella vulgaris,0,0,0,0,0,0,0,0,0,0,0,0,0,0,0,0,0,0,0,0,0,0,0,0,0,0,0,0,0,0,0,0,0,0,0,0,0,0,0,0,0,0,0,0,0,0,0,0,0,0,0,0,0,0,0,0,0,0,0,0,0,0,0,0,0,0,0,0,0,0,0,0,0,0,0,0,0,0,0,0,0,0,0,0.5,0,0,0,0,0,0,0,0,0,0,0,0,0,0,0,0,0,0,0,0,0,0,0,0,0,0,0,0,0,0,0,0,0
Pulmonaria obscura,0.5,0.5,0,0.5,0.5,0.5,0.5,0.5,0.5,0.5,0.5,0.5,0,2,0.5,0.5,2,0.5,0.5,0.5,0.5,0.5,2,0.5,0.5,0.5,0.5,0.5,0.5,0.5,2,0.5,0.5,0.5,0.5,0.5,0.5,0.5,0.5,0.5,0.5,0.5,0.5,4,0.5,0.5,0.5,0.5,0.5,0.5,0,0.5,0.5,0.5,0.5,0.5,0.5,0.5,0.5,0.5,0.5,0.5,0,2,0.5,0.5,0.5,0.5,0.5,0.5,0.5,0.5,0.5,2,0.5,0.5,0.5,0,0.5,0.5,0.5,0.5,2,0,0.5,2,2,0.5,0.5,0.5,0.5,0.5,0,0,0.5,2,0.5,0.5,0.5,2,0.5,0.5,0,0,0,0,2,0,0.5,0.5,0,10,2,0.5,0,0,0
Pulmonaria officinalis,0,0,0,0,0,0,0,0,0,0,0,0,0,0,0,0,0,0,0,0,0,0,0,0,0,0,0,0,0,0,0,0,0,0,0,0,0,0,0,0,0,0,0,0,0,0,0,0,0,0,0,0,0,0,0,0,0,0,0,0,0,0,0,0,0,0,0,0,0,0,0,0,0,0,0,0,0,0,0,0,0,0,0,0,0,0,0,0,0,0,0,0,0,0,0,0,0,0,0,0,0,0,0,0,0,0,0,0,0,0.5,0,0,0,0,0,0,0
Pyrus communis,0,0,0,0,0,0,0,0,0,0,0,0,0,0,0,0,0,0,0,0,0,0,0,0,0,0,0,0,0,0,0,0,0,0,0,0,0,0,0,0,0,0,0,0.5,0,0,0,0,0,0,0,0,0,0,0,0,0,0,0,0,0,0,0,0,0,0,0,0,0,0,0,0,0,0,0,0,0,0,0,0,0,0,0,0,0,0,0,0,0,0,0,0,0,0,0,0,0,0,0,0,0,0,0,0,0,0,0,0,0,0,0,0,0,0,0,0,0
Quercus robur,0.5,0.5,0.5,0.5,0.5,0.5,0.5,0,0,0.5,0.5,0.5,0.5,0.5,0.5,0,0,0.5,0,0,0,0,0.5,0,0,0.5,0.5,0,0,0,0,0,0.5,0.5,0.5,0,0,0,0,0.5,0.5,0,0,0.5,0,0,0.5,0.5,0,0,0,0.5,0,0,0.5,0,0,0.5,0.5,0,0.5,0.5,0.5,0.5,0,0,0,0,0,0.5,0,0,0,0,0,0,0,0,0,0.5,0,0,0,0.5,0,0.5,0.5,0,0,0.5,0,0.5,0,0,0.5,0,0.5,0,0.5,0.5,0.5,0.5,0.5,0,0,0.5,0,0,0.5,0.5,0,0,0.5,0.5,0,0,0
Ranunculus ficaria,0,0,0,0,0,0,0,0,2,0,0.5,0,2,0,0,0,0.5,0,0,0.5,0,2,0,0,0,0,0,0,0,0,0,0,0,0,0,0,0,0,0,0,0.5,0.5,0.5,2,0,0.5,0,0,0,0,2,0,0,0,0,0,0,0,0.5,0.5,0.5,10,10,0.5,0.5,0.5,0.5,0,0,0.5,0,0,0.5,0.5,0.5,0,0.5,0,0.5,0.5,10,0.5,4,0.5,0.5,0.5,0,4,0.5,0,0.5,2,0,0,0,10,0.5,0,0,0,0,0.5,0.5,0.5,0.5,20,10,0.5,0,0.5,0.5,0,0.5,0,0.5,0,0
Ranunculus repens,0,0,0,0,0,0,0,0,0,0,0,0,0,0,0,0,0,0,0,0,0,0,0,0,0,0,0,0,0,0,0,0,0,0,0,0,0,0,0,0,0,0,0,0,0,0,0,0,0,0,0,0,0,0,0,0,0,0,0,0,0,0,0,0,0,0,0,0,0,0,0,0,0,0,0,0,0,0,0,0,0,0,0,0.5,0,0,0,0,0,0,0,0,0,2,0,0,0,0,0,0,0,0,0,0,0,0,0,0,0,0,0,0,0,0,0,0,0
Rhamnus cathartica,0.5,0,0,0,0.5,0,0,0,0,0.5,0,0,0,0,0,0,0,0,0,0,0,0,0,0,0,0,0,0,0.5,0,0,0.5,0,0.5,0,0,0,0,0,0,0,0,0,0,0,0,0,0,0,0,0,0.5,0,0,0.5,0.5,0,0.5,0,0.5,0,0.5,0,0,2,0,0,0.5,0,0,2,0,0,0.5,0,0,0,0,0.5,0,2,0,0,0.5,0.5,0,0,0,0,0,0.5,0,0,0,0.5,0,0,0,0,0,0,0,0.5,0.5,0.5,0,0,2,0,0,0,0,10,0,0,0,0
Rhytidiadephus triquestrus,2,0,0,0,0,0,0,0,0,0,0,0,0,0,0,0,0,0,0,0,0,0,0,0,0,0,0,0,0,0,0,0,0,0,0,0,0,0,0,0,0,0,0,0,0,0,0,0,0,0,0,0,0,0,0,0,2,0,0,0,0,0,0,0,0,0,0.5,0,0,0,4,0,0,0,0,0,0,0,0,0,0,0,0,0.5,0,0,0,0,0,0,0,0,0,0,0,0,0,0,0,0,0,0,0,0,0,0,0,0,0,0,0,4,0,0,0,0,0
Rubus caesius,0.5,0.5,0,0.5,0.5,0.5,2,4,30,2,2,4,2,0.5,20,30,2,10,2,20,0.5,0,30,20,80,20,4,4,0.5,0.5,20,2,0.5,0.5,0.5,4,4,0,4,30,10,4,0.5,10,0.5,10,2,0.5,0.5,0.5,2,0.5,0.5,2,0.5,0.5,0.5,0.5,0.5,30,0.5,0.5,4,0,0,0.5,0.5,2,0.5,0,0,4,0,10,0,0.5,0,0,0.5,2,2,2,0.5,0.5,0.5,2,20,2,2,2,0.5,0.5,0.5,0.5,0.5,4,4,2,2,0.5,0.5,4,4,4,10,10,2,10,0.5,4,4,10,2,10,0.5,4,2
Rumex sanguineum,0,0,0,0,0,0,0,0,0,0,0,0,0,0,0,0,0,0,0,0,0,0,0,0,0,0,0,0,0,0,0,0,0,0,0,0,0,0,0,0,0,0,0,0,0,0,0,0,0,0,0,0,0,0,0,0,0,0,0,0,0,0,0,0,0,0,0,0,0,0,0,0,0,0,0,0,0,0,0,0,0,0,0,0.5,0,0,0,0,0,0,0,0,0,0,0,0,0,0,0,0,0,0,0,0,0,0.5,0,0,0,0,0,0,0,0,0,0,0
Salix alba,0,4,0,0,0,0,0,0,0,0,0,0,0,0,0,0,0,0,0,0,0,0,0,0,0,0,0,0,0,0,0,0,0,0,0,0,0,0,0,0,0,0,0,0,0,0,0,0,0,0,0,0,0,0,0,0,0,0,0,0,0,0,0,0,0,0,0,0,0,0,0,0,0,0,0,0,0,0,0,0,0,0,0,0,0,0,0,0,0,0,0,0,0,0,0,0,0,0,0,0,0,0,0,0,0,0,0,0,0,0,0,0,0,0,0,0,0
Salix cinerea,0,0,0,0,0,0,0,0,0,0,0,0,0,0,0,0,0,0,0,0,0,0,0,0,0,0,0,0,0,0,0,0,0,0,0,0,0,0,0,0,0,0,0,0,0,0,0,0,0,0,0,0,0,0,0,0,0,0,0,0,0,0,0,0,0,0,0,0,0,0,0,0,0,0,0,0,0,0,0,0,0,0,0,0,0,0,0,0,0,0,0,0,0,0,0,0,0,0,0,0,0,0,0,0,0,0,0,0,0,0,0,0,0,0,10,4,0
Salix purpurea,0,2,0,0,0,0,0,0,0,0,0,0,0,0,0,0,0,0,0,0,0,0,0,0,0,0,0,0,0,0,0,0,0,0,0,0,0,0,0,0,0,0,0,0,0,0,0,0,0,0,0,0,0,0,0,0,0,0,0,0,0,0,0,0,0,0,0,0,0,0,0,0,0,0,0,0,0,0,0,0,0,0,0,0,0,0,0,0,0,0,0,0,0,0,0,0,0,0,0,0,0,0,0,0,0,0,0,0,0,0,0,0,0,0,0,0,0
Sambucus nigra,0,0,0,0,0,0,0,0,0,0.5,0,0,0,0,0,0,0,0,0,0,0.5,0,0,0,0,0,0,0,0,0,0,0,0,0,0,0,0,0,0,0,0,0,2,0.5,0,0,0,0,2,0,0,0,0,0,0,0,0,0.5,0,0,0.5,0,0,0,0.5,0,0.5,0,0,0.5,0,0.5,0.5,0,2,0.5,0.5,0,0,10,0,0,0,0,0,0,0,0,0,0,0,0,0,0,0,0,0,0,0,0,0,0,0,0,0,0,0,0,0,0,0,0,0,0,0,0,0
Sanicula europaea,0.5,0,0,0,0,0,0,0,0,0,0,0,0,0,0,0,0,0,0,0,0,0,0,0,0,0,0.5,0,0,0,0,0,0,0.5,0,0,0,0,0,0,0,0.5,0,0,0,0,0,0,0,0,0,0.5,0,0,0,0,0,0.5,0.5,0,0,0,0,0,0.5,0.5,0,0.5,0.5,0,0,0,0,0.5,0,0,0,0,0,0,0,0,0,0,0,0,0,0,0,0,0,0,0,0,0,0,0,0,0,0,0.5,0,0,0,0,0,0,0,0,0,0,0,0,0,0,0,0
Scilla bifolia,0,0,2,0.5,0.5,0.5,0.5,0.5,0.5,0.5,0.5,0.5,0.5,0.5,0.5,0.5,0.5,0.5,0.5,0.5,2,0.5,0.5,0.5,0.5,0.5,0.5,0.5,0.5,0.5,0.5,2,0.5,2,0.5,0,0.5,0.5,0.5,0.5,2,0.5,0.5,0.5,0.5,0,0.5,0,0.5,0.5,0,0,0.5,0.5,0.5,0.5,0,0.5,0.5,0.5,0.5,0,0.5,0,0.5,0.5,0.5,0.5,0.5,0.5,0.5,0.5,0.5,0.5,0,0,0,0,0,0.5,0.5,0.5,0,0.5,0.5,0.5,0.5,0.5,0.5,0.5,0.5,0.5,0,0,0.5,0.5,0.5,0.5,0.5,0.5,0.5,0.5,0,0,0,0.5,0.5,0,0.5,0,0,0,0.5,0,0,0,0
Scropholia nodosa,0,0.5,0,0,0,0,0,0,0,0,0,0,0,0,0,0,0,0,0,0,0,0,0,0,0,0,0,0,0.5,0,0,0,0,0,0,0.5,0,0,0,0,0,0.5,0.5,0,0,0,0.5,0,0,0,0,0,0,0,0,0,0,0,0,0,0,0,0,0.5,0.5,0.5,0,0,0,0,0,0,0,0,0,0,0,0,0,0.5,0,0.5,0,0.5,0.5,0,0,0.5,0,0,0,0,0,0,0,0,0.5,0,0.5,0,0,0,0,0,0,0,0,0,0,0,0,0.5,0,0,0,0,0
Scutelaria galericulata,0,0,0,0,0,0,0,0,0.5,0,0,0,0,0,0,0,0,0,0,0,0,0,0,0,0,0,0,0,0,0,0,0,0,0,0,0,0,0,0,0,0,0,0,0,0,0,0,0,0,0,0,0,0,0,0,0,0,0,0,0,0,0,0,0,0,0,0,0,0,0,0,0,0,0,0,0,0,0,0,0,0,0,0,0,0,0,0,0,0,0,0,0,0,0.5,0,0,0,0,0,0,0,0,0,0,0,0,0,0,0,0,0,0,0,0,0.5,0.5,0.5
Senecio palustris,0,0,0,0,0,0,0,0,0,0,0,0,0,0,0,0,0,0,0,0,0,0,0,0,0,0,0,0,0,0,0,0,0,0,0,0,0,0,0,0,0,0,0,0,0,0,0,0,0,0,0,0,0,0,0,0,0,0,0,0,0,0,0,0,0,0,0,0,0,0,0,0,0,0,0,0,0,0,0,0,0,0,0,0,0,0,0,0,0,0,0,0,0.5,0.5,0,0,0,0,0,0,0,0,0,0,0,0,0,0,0,0,0,0,0,0,0,0,0
Silene dioica,0,0,0,0,0,0,0,0,0,0,0,0,0,0,0,0,0,0,0,0,0,0,0,0,0,0,0,0,0,0,0,0,0,0,0,0,0,0,0,0,0,0,0,0,0,0,0,0,0,0,0,0,0,0,0,0,0,0,0,0,0,0,0,0,0,0,0,0,0,0,0,0,0.5,0,0,0,0,0,0,0.5,0,0,0,0,0,0,0,0,0,0,0,0,0,0,0,0,0,0,0,0,0,0,0,0,0,0,0,0,0,0,0,0,0,0,0,0,0
Solanum dulcamara,0,0,0,0,0,0,0,0,0,0,0,0,0.5,0,0,0,0,0,0,0,0,0,0,0,0,0,0,0,0,0,0,0,0,0,0,0,0,0,0,0,0,0,0,0,0,0,0,0,0,0,0,0,0,0,0,0,0,0,0,0,0,0,0,0,0,0,0,0,0,0,0,0,0,0,0,0,0,0,0,0,0,0,0,0,0,0,0,0,0,0,0,0,0,0,0,0,0,0,0,0,0,0,0,0,0,0,0,0,0,0,0,0,0,0,0,0,0
Solidago canadensis,0,0,0,0,0,0,0,0,0,0,0,0,0,0,0,0,0,0,0,0,0,0,0,0,0,0,0,0,0,0,0,0,0,0,0,0,0,0,0,0,0,0,0,0,0,0,0,0,0,0,0,0,0,0,0,0,0,0,0,0,0,0,0,0,0,0,0,0,0,0,0,0,0,0,0,0,0,0,0,0,0,0,0,0.5,0,0,0,0,0,0,0,0,0,0,0,0,0,0,0,0,0,0,0,0,0,0,0,0,0,0,0,0,0,0,0,0,0
Solidago gigantea,0,2,0,0,0,0,0,0,0.5,0,0,0,0,0,0,0,0.5,0,0,0,0,0,0,0,0,0,0,0,0,0,0,0,0,0.5,0,0,0,0.5,0,0,0,2,0.5,0,0,0,0,0,0,0,0,0.5,0,0,0,0,0,0,0,0.5,0,0,0,0.5,0.5,0,0,0,0,0,0,0,0,0.5,0,0,0,0,0,0,0.5,0,0,0,0,0,0.5,0,0,0,0,0,0,0.5,0,0.5,0,0,0,0,0,0,0,0,0,0,0,0,0,0,0,0,0,0,0,0,0
Solidago virgaurea,0,0,0,0,0,0,0,0,0,0,0,0,0,0,0,0,0.5,0,0.5,0,0,0,0,0.5,0,0,0,0.5,0,0,0,0,0,0,0,0,0,0,0,0,0,0,0,0,0,0,0,0,0,0,0,0,0,0,0,0,0,0,0,0,0,0,0,0,0,0,0,0,0,0,0,0,0,0,0,0,0,0,0,0,0,0,0,0,0,0,0,0,0,0,0,0,0,0,0,0,0,0,0,0,0,0,0,0,0,0,0,0,0,0,0,0,0,0,0,0,0
Stachys palustris,0,0,0,0,0,0,0,0,0.5,0,0,0,0,0,0,0,0,0,0,0,0,0,0,0,0,0,0,0,0,0,0,0,0,0,0,0,0,0,0,0,0,0,0,0,0,0,0,0,0,0,0,0,0,0,0,0,0,0,0,0,0,0,0,0,0,0,0,0,0,0,0,0,0,0,0,0,0,0,0,0.5,0,0,0,0,0,0,0,0,0,0,0,0,0,0.5,0,0,0,0,0,0,0,0.5,0,0,0,0,0,0,0,0,0,0,0,0,0,0,0
Stachys sylvatica,0.5,0.5,0,0,0.5,0,0.5,0.5,0,0.5,0.5,0.5,0,0.5,0.5,0.5,0.5,2,0.5,0.5,0.5,0.5,0.5,0.5,0.5,0.5,0,0.5,0,0.5,0.5,0,0.5,0.5,0.5,0.5,0.5,0.5,4,0.5,2,2,2,0.5,0.5,2,0.5,0.5,2,0.5,0,0.5,2,0.5,0.5,0.5,0.5,0.5,0.5,0.5,0.5,0,0,0.5,0.5,0.5,0.5,0.5,0.5,0.5,0,0.5,2,2,0.5,2,0.5,0.5,0.5,0.5,0.5,0,0.5,0.5,0.5,0.5,0.5,0.5,0.5,0.5,0.5,0.5,0,0,0.5,0.5,0.5,0.5,2,0.5,2,0,0,0,0,0,0.5,0,0,0,0,0.5,0.5,0.5,0,0,0
Stellaria media,0,0,0,0,0,0,0,0,0,0,0,0,0,0,0,0,0,0,0,0,0,0,0,0,0,0,0,0,0,0,0,0,0,0,0,0,0,0,0,0,0,0,0,0,0,0,0,0,0,0,0,0,0,0,0,0,0,0,0,0,0,0,0,0,0,0,0,0,0,0,0,0,0.5,0,0.5,0,0,0,2,0.5,0,0,0.5,0,0,0,0,0,0,0,0,0,0,0,0,0,0,0,0,0,0,0,0,0,0,0,0,0,0,0,0,0,0,0,0,0,0
Stellaria palustris,0,0,0,0,0,0,0,0,0,0,0,0,0,0,0,0,0,0,0,0,0,0,0,0,0,0,0,0,0,0,0,0,0,0,0,0,0,0,0,0,0,0,0,0,0,0,0,0,0,0,0,0,0,0,0,0,0,0,0,0,0,0,0,0,0,0,0,0,0,0,0,0,0,0,0,0,0,0,0,0,0,0,0,0,0,0,0,0,0,0,0,0,0.5,0,0,0,0,0,0,0,0,0,0,0,0,0,0,0,0,0,0,0,0,0,0,0,0
Symphytum officinalis,0,0,0,0,0,0,0,0,0.5,0,0,0,0,0,0,0,0,0,0,0,0,0,0,0,0,0,0,0,0,0,0,0,0,0,0,0,0,0,0,0,0,0,0,0,0,0,0,0,0,0,0,0,0,0,0,0,0,0,0,0,0,0,0,0,0,0,0,0,0,0,0,0,0,0,0,0,0,0,0,0.5,0.5,0.5,0,0,0,0,0,0,0,0,0,0,2,0.5,0,0,0,0,0,0,0,0.5,0,0.5,0.5,0.5,0,0.5,0,0.5,0,0,0,0.5,0,0,0
Taraxacum officinale,0,0,0,0.5,0.5,0,0,0.5,0,0,0,0,0,0,0,0,0,0,0.5,0,0,0,0.5,0,0,0,0,0,0,0,0,0,0,0,0,0,0,0,0,0,0,0,0,0.5,0,0,0,0,0,0,0,0,0,0,0,0.5,0,0,0,0,0.5,0,0,0,0,0.5,0.5,0.5,0.5,0.5,0,0,0,0,0,0,0,0,0,0,0.5,0,0,0,0.5,0,0,0.5,0,0,0,0,0,0,0,0,0,0,0.5,0,0,0,0.5,0,0,0,0,0,0,0,0,0,0.5,0,0,0,0
Thalictrum aquilegifolium,0,0,0,0,0,0,0,0,0,0.5,0,0,0,0,0,0,0,0,0,0,0,0,0,0,0,0,0,0,0,0,0,0,0,0.5,0,0,0,0,0,0,0,0,0,0,0,0.5,0,0,0,0,0,0,0.5,0,0,0.5,0,0,0,0,0,0,0,0,0,0,0.5,0,0,0,0,0,0,0,0,0,0,0,0,0,0,0,0,0,0,0,0,0,0.5,0,0,0.5,0,0.5,0,0,0,0,0,0,0,0,0,0,0,0,0,0,0,0.5,0,0,0,0,0,0,0
Thalictrum flavum,0,0,0,0,0,0,0,0,0.5,0,0,0,0,0,0,0,0,0,0,0,0,0,0,0,0,0,0,0,0,0,0,0,0,0,0,0,0,0,0,0,0,0,0,0,0,0,0,0,0,0,0,0,0,0,0,0,0,0,0,0,0,0,0,0,0,0,0,0,0,0,0,0,0,0,0,0,0,0,0,0.5,0,0,0,0,0,0,0,0,0,0,0,0,0,0,0,0,0,0,0,0,0,0,0,0,0,0,0,0,0,0,0,0,0,0,0.5,0,0
Thuidium tamariscinum,0,0,0,0,0,0,0,0,0,0,0,0,0,0,0,0,0,0,10,0,0,0,0,0,0,0,0,0,0,0,0,0,0,0,0,0,0,0,0,0,0,0,0,0,0,0,0,0,0,0,0,0,0,0,0,0,0,0,0,0,0,0,0,0,0,0,0,0,0,0,20,0,0,0,0,0,0,0,0,0,0,0,0,0,0,0,0,0,10,0,0,0,0,0,0,0,0,0,0,0,0,0,0,0,0,0,0,0,0,0,0,0,0,0,0,0,0
Tilia cordata,0,0,0,0,0.5,4,2,0.5,0,0,0,0,0.5,0,0,0,0.5,0,0,0,0,0,0.5,0,0,0.5,4,0.5,0.5,0,0,0.5,0,2,0,0,0,0.5,0,0,0,0,0,0,0,0,0,0,0,0,0,0.5,0,0,0,0,0,0,0,0,0.5,0,0,0,0,0,0,0,0,0,0,0,0,0,0,0,0,0,0,0.5,0,0,0,0,0.5,0,0,0,0,0,0,0,0,0,0.5,0,0.5,4,0.5,0.5,0,0,0.5,0,0,0,0,0,0,0,0,0,0,0,0,0,0
Tilia platayphyllos,0,0,0,0,0,0,0,0,0,0.5,0,0,0,0,0,0,0,0,0,0,0,0.5,0,0,0,0,0,0.5,0,0,0,0,0,0,0,0,0,0,0,0,0,0,0,0,0,0,0,0,0,0,0,0,0,0,0,0.5,0,0,0,0,0,0,0,0,0,0,0,0,0.5,0,0,0,0,0,0,0,0,0.5,0,0,0,0,0,0,4,0,0.5,0,0,0.5,0,0,0,0,0,0,0.5,0.5,0,0,0,0,0,0,0.5,0,0,0,0,0,0,0,0.5,0,0,0,0
Ulmus glabra,0,0.5,0,0,0.5,0.5,0.5,0,0.5,0.5,0.5,0.5,2,2,0.5,0.5,0.5,0.5,2,2,0,0,0,4,0.5,0.5,0.5,0,4,0,0.5,2,0,2,0,0.5,0.5,0,0,0,0.5,2,0.5,0.5,0.5,0.5,0,0,0.5,0,0.5,0,0,0,0,0.5,0,0.5,0,0.5,0,0,0.5,0.5,0.5,0,0,0.5,0.5,0,0,0,0.5,0,0.5,0,0,0,0,0,0,0,0,0,0,0,0,0,0,0.5,0,0.5,0,0,2,0,0.5,0,0,0.5,2,0,0,0,0,0,0,0,0,0,0,0,0,0.5,0.5,0,0.5
Ulmus minor,0.5,0,0,0,0,0,0,0.5,0,0,0,0,0,0,0,0,0,0,0,0,0,0,0,0,0,0,0,0,0,0,0,0,0,0,0,0,0,0.5,4,0,0,0,0,0,0.5,0,0,0,0,0,0,0,0,0.5,0.5,0,0.5,0,0,0,0.5,2,0.5,0,0,0,2,0,0.5,0.5,2,0.5,0,0,0.5,0,0,0,0,0,0,0,0,0,0,0,0,0,0,0,0,0.5,0.5,0,0,0,0.5,0.5,0,0,0,0,0,0,0.5,2,0.5,0,0,0,0,0,0,0,0,2,0.5
Urtica dioica,0,0,0,0,0,0,0,0,0,0,0,0,0,0,0,0,0,0,0,0,0,0,0,0,0,0,0,0,0,0,0,0,0,0,0,0,0,0,0,0,0,0,0,0,0,0,0,0,0,0,0,0,0,0,0,0,0,0.5,0,0,0,0,0,0,0,0,0,0,0,0,0,0,0,0,0,0,0,0,2,0.5,4,2,2,0.5,0,0.5,0,0.5,0,0,0,0,0.5,0.5,0,0,0.5,0,0,0,0,0.5,0,0,0,0.5,0,0,0,0,0,0,0,0,0,0,0
Valeriana officinalis,0,0,0,0,0,0,0,0.5,0,0.5,0,0,0,0,0,0,0,0.5,0,0,0,0.5,0,0,0,0,0,0,0,0,0.5,0,0,0,0,0.5,0,0.5,0,0,0,0.5,0,0,0,0,0,0,0.5,0,0,0,0,0,0.5,0,0,0,0.5,0,0,0,0.5,0.5,0.5,0,0.5,0,0,0,0,0.5,0.5,0,0.5,0.5,0,0,0,0,0,0.5,0,0.5,0,0.5,0.5,0.5,0.5,0.5,0.5,0.5,0,0,0,0,0,0,0,0.5,0,0.5,0,0.5,0,0,0.5,0,0,0.5,0.5,0,0,0,0,0,0
Veronica anagallis-aquatica,0,0,0,0,0,0,0,0,0,0,0,0,0,0,0,0,0,0,0,0,0,0,0,0,0,0,0,0,0,0,0,0,0,0,0,0,0,0,0,0,0,0,0,0,0,0,0,0,0,0,0,0,0,0,0,0,0,0,0,0,0,0,0,0,0,0,0,0,0,0,0,0,0,0,0,0,0,0,0,0,0,0,0,0,0,0,0,0,0,0,0,0,0,0.5,0,0,0,0,0,0,0,0,0,0,0,0,0,0,0,0,0,0,0,0,0,0,0
Veronica beccabunga,0,0,0,0,0,0,0,0,0,0,0,0,0,0,0,0,0,0,0,0,0,0,0,0,0,0,0,0,0,0,0,0,0,0,0,0,0,0,0,0,0,0,0,0,0,0,0,0,0,0,0,0,0,0,0,0,0,0,0,0,0,0,0,0,0,0,0,0,0,0,0,0,0,0,0,0,0,0,0,0,0,0,0,0.5,0,0,0,0,0,0,0,0,0,0,0,0,0,0,0,0,0,0,0,0,0,0,0,0,0,0,0,0,0,0,0,0,0
Viburnum lantana,0,0,0.5,0.5,0.5,0,0,0.5,0,0.5,0,0.5,0,0.5,0,0,0,0,0,0,0,0,0,0,0,0,0,0,0.5,0,0,0.5,0,0,0,0,0,0.5,0,0,0,0,0,0,0,0,0,0,0,0.5,0,2,0,0,0.5,2,0.5,0.5,2,0,0,0,0,0.5,2,0.5,0,0,0,0,0.5,0,0,0,0,0,0,0,0,0.5,0,0,0,0,0,0,0,0,0,0,0,0,0,0,0.5,0,0,0,0,0,0.5,0,0,0,0,0,0,0,0,0,0.5,0,0,0,0,0,0
Viburnum opulus,0.5,0,0,0,0.5,0,0.5,0.5,0,0.5,0,0,0,0.5,0.5,0,0.5,0,0.5,0,0,0,0.5,0.5,0.5,0,0.5,0.5,0,0,0,0,0,0.5,0,0,0,0.5,0,0,0,0,0,0,0,0,0,0.5,0,0,0,0,0,0.5,0,0,0,0,0,0.5,0,0.5,0,0.5,0,0.5,0,0.5,0,0,0,0,0,0,0,0,0,0,0,0,0,0,0,0.5,0,0,0,0,0,0.5,0.5,0,0,0,0.5,0,0,0,0,0.5,0.5,0.5,0.5,0.5,0,0.5,0.5,0.5,0.5,0.5,0.5,0.5,0.5,0.5,0,0,0
Viola hirta,0,0,0,0,0,0,0,0,0,0,0,0,0,0.5,0,0,0,0.5,0,0,0,0.5,0.5,0.5,0.5,0.5,0.5,0,0,0,0.5,0,0.5,0,0,0,0,0.5,0,0,0.5,0,0.5,0,0,0,2,0,0.5,0,0,0,0,0,0,0,0,0,0.5,0.5,0.5,0,0,0,0.5,0,0.5,0,0.5,0,0,0.5,0,0,0,0,0,0,0,0,0,0,0,0,0.5,0,0,0,0,0,0,0,0,0,0,0,0.5,0,0,0.5,0.5,0,0,0,0,0,0.5,0,0,0,0,0,0.5,0,0,0,0
Viola mirabilis,0.5,0,0.5,0,0.5,0.5,0.5,0.5,0,0.5,0.5,0.5,0,0.5,0.5,0.5,0.5,0.5,2,0.5,0,2,0.5,0.5,0.5,2,0.5,0.5,0.5,0.5,0.5,10,0.5,2,0,0,0.5,0.5,0.5,0,0.5,0.5,0.5,0.5,0.5,0.5,0.5,0,0,0.5,0,0.5,0.5,0.5,2,0.5,4,0,0.5,0,0.5,0,0.5,0,0.5,2,0.5,0.5,0.5,0,0.5,0.5,0.5,0.5,0,0,0,0,0,0,0,0.5,0,0,0,0,0,0.5,0.5,0.5,0.5,0.5,0,0,0.5,0,0.5,0.5,0.5,2,0.5,0,0,0,0,0,0,0,0.5,0,0,0.5,0,0,0,0,0
Viola odorata,0.5,0,0,0,0,0.5,0,0,0,0,0,0.5,0,0,0,0,0,0,0,0,0,0.5,0,0,0,0,0,0,0,0,0.5,0,0.5,0.5,0,0,0.5,0,0,0,0.5,0,0,0.5,0,0.5,0,0,0.5,0,0,0.5,0.5,0,0,0,0,0,0,0,0.5,0,0,0,0,0,0.5,0,0,0,0,0.5,0,0,0,0,0,0,0,0,0,0,0,0,0,0,0,0,0,0,0.5,0,0,0,0,0,0,0.5,0,0,0.5,0,0,0,0,0,0,0,0,0,0,0,0,0,0,0,0
Viola reichenbachiana,0.5,0.5,0,0,0,0,0,0,0,0,0,0,0,0,0,0,0,0,0,0,0,0,0,0,0,0,0,0,0.5,0,0,0,0,0,0.5,0,0,0,0,0,0.5,0,0.5,0.5,0.5,0,0.5,0,0,0,0,0,0.5,0.5,0.5,0,0,0,0,0,0.5,0,0.5,0,0,0.5,0.5,0.5,0.5,0,0,0,0,0,0,0,0,0,0,0,0,0,0,0,0.5,0,0,0,0,0,0,0,0,0,0.5,0,0,0,0,0,0,0,0,0,0,0,0,0,0,0,0,0,0,0,0,0,0
Violrire,0,0,0,0.5,0.5,2,0,0.5,0,0.5,0.5,0.5,0,0.5,0,0,0.5,0.5,0.5,0.5,0,0,0,0.5,0.5,0.5,0.5,0.5,0,0,0,0,0.5,0,0,0,0,0,0,0.5,0,0,0,0,0,0,0,0,0,0.5,0,0,0,0.5,0,0,0,0.5,0.5,0,0,0,0.5,0,0,0,0.5,0,0.5,0.5,0.5,0,0,0,0,0,0,0,0,0,0,0.5,0,0.5,0,0,0,0,0,0.5,0,0.5,0,0,0.5,0,0,0.5,0.5,0.5,2,0.5,0,0,0,0,0,0,0,0,0.5,0,0,0.5,0,0,0
Violia riviniana,0,0,0,0,0,0,0,0,0,0,0,0,0,0,0,0,0,0,0,0,0,0,0,0,0,0,0,0,0,0,0.5,0,0,0,0,0,0,0.5,0,0,0,0,0,0,0,0,0,0,0,0,0,0,0,0,0,0,0,0,0,0,0,0,0,0,0,0,0,0,0.5,0,0,0,0,0,0,0,0,0,0,0,0,0,0,0,0,0,0,0.5,0,0,0.5,0,0,0,0,0,0,0,0,0,0,0,0,0,0,0,0,0,0,0,0,0,0,0,0,0,0
